timestamp,cpu,cpu prediction,cpu_anomalyscore,cpu_anamolyLikelihood,Uc,mem_used,mem_prediction,mem_anomalyScore,mem_anomalyLikelihood,Um,disk_write_bytes,disk_prediction,disk_anomalyScore,disk_anomalyLikelihood,Udw,disk_read_bytes,disk_read_prediction,disk_read_anomalyScore,disk_read_anomalyLikelihood,Udr,net_s,net_s_prediction,net_s_anomalyScore,net_s_anomalyLikelihood,udnet,totalUM
2018-10-21 17:20:00,1.0,1.0,1.0,0.5,1.0,17.1,17.1,1.0,0.5,17.1,0.8626823425292969,0.8626823425292969,1.0,0.5,0.8626823425292969,0.47761058807373047,0.47761058807373047,1.0,0.5,0.47761058807373047,0.0,0.0,1.0,0.5,0.0,7.776117172241212
2018-10-21 17:20:00,6.6,6.6,1.0,0.5,6.6,18.8,18.8,1.0,0.5,18.8,0.8627891540527344,0.8627891540527344,1.0,0.5,0.8627891540527344,0.47761058807373047,0.47761058807373047,1.0,0.5,0.47761058807373047,0.0,0.0,1.0,0.5,0.0,10.696159896850585
2018-10-21 17:20:00,2.5,6.6,1.0,0.5,4.55,18.8,17.61,1.0,0.5,18.205,0.8629112243652344,0.8627143859863281,1.0,0.5,0.8628128051757813,0.47761058807373047,0.4776105880737304,1.0,0.5,0.47761058807373047,0.0,0.0,1.0,0.5,0.0,9.638169357299805
2018-10-21 17:20:00,1.5,2.5,0.325,0.5,2.0,18.8,17.967,0.0,0.5,18.383499999999998,0.8629112243652344,0.8627734375,0.0,0.5,0.8628423309326172,0.47761058807373047,0.4776105880737304,0.0,0.5,0.47761058807373047,0.0,0.0,0.0,0.5,0.0,8.689581167602539
2018-10-21 17:20:00,0.5,1.15,0.025,0.5,0.825,18.8,18.2169,0.0,0.5,18.50845,0.8629112243652344,0.8628147735595701,0.0,0.5,0.8628629989624023,0.4776182174682617,0.4776105880737304,0.0,0.5,0.4776144027709961,0.0,0.0,0.0,0.5,0.0,8.26957096069336
2018-10-21 17:20:00,1.0,0.5,0.0,0.5,0.75,18.8,18.39183,0.0,0.5,18.595914999999998,0.8629112243652344,0.8628437088012693,0.0,0.5,0.8628774665832518,0.4776182174682617,0.47761287689208975,0.0,0.5,0.47761554718017574,0.0,0.0,0.0,0.5,0.0,8.27456320550537
2018-10-21 17:20:00,6.0,1.105,0.075,0.5,3.5525,18.8,18.514280999999997,0.0,0.5,18.657140499999997,0.8629112243652344,0.8628639634704587,0.0,0.5,0.8628875939178465,0.4776182174682617,0.47761447906494126,0.0,0.5,0.4776163482666015,0.0,0.0,0.0,0.5,0.0,9.42005777687378
2018-10-21 17:20:00,1.5,6.419999999999999,0.0,0.5,3.9599999999999995,18.8,18.5999967,0.0,0.5,18.69999835,0.8630867004394531,0.8628781417388913,0.0,0.5,0.8629824210891722,0.4776182174682617,0.4776156005859373,0.0,0.5,0.4776169090270995,0.0,0.0,0.0,0.5,0.0,9.60023907204651
2018-10-21 17:20:00,2.0,1.2235,0.0,0.5,1.61175,18.8,18.659997689999997,0.0,0.5,18.729998844999997,0.8630867004394531,0.8629407093490598,0.0,0.5,0.8630137048942564,0.4776182174682617,0.4776163856506346,0.0,0.5,0.47761730155944815,0.0,0.0,0.0,0.5,0.0,8.67295194058148
2018-10-21 17:20:00,1.0,1.2235,0.0,0.5,1.11175,18.8,18.701998382999996,0.0,0.5,18.7509991915,0.8630867004394531,0.8629845066761777,0.0,0.5,0.8630356035578154,0.4776182174682617,0.47761693519592263,0.0,0.5,0.4776175763320922,0.0,0.0,0.0,0.5,0.0,8.481360948555963
2018-10-21 17:20:00,0.5,1.15645,0.0,0.5,0.828225,18.8,18.731398868099998,0.0,0.5,18.76569943405,0.8631973266601562,0.8630151648051603,0.0,0.5,0.8631062457326583,0.4776182174682617,0.47761731987762435,0.0,0.5,0.47761776867294303,0.0,0.0,0.0,0.5,0.0,8.37385937938224
2018-10-21 17:21:00,5.6,1.15645,0.0,0.5,3.3782249999999996,18.8,18.751979207669997,0.0,0.5,18.775989603835,0.8631973266601562,0.863069813361659,0.0,0.5,0.8631335700109076,0.4776182174682617,0.47761758915481556,0.0,0.5,0.47761790331153864,0.0,0.0,0.0,0.5,0.0,9.39798643086298
2018-10-21 17:21:00,1.0,1.15645,0.0,0.5,1.078225,18.8,18.766385445368996,0.0,0.5,18.783192722684497,0.8633232116699219,0.8631080673512082,0.0,0.5,0.863215639510565,0.4776182174682617,0.4776177776488494,0.0,0.5,0.47761799755855555,0.0,0.0,0.0,0.5,0.0,8.480900543901447
2018-10-21 17:21:00,1.0,6.419999999999999,0.0,0.5,3.7099999999999995,18.8,18.776469811758297,0.0,0.5,18.78823490587915,0.8633232116699219,0.8631726106468223,0.0,0.5,0.8632479111583721,0.4776182174682617,0.4776179095946731,0.0,0.5,0.4776180635314674,0.0,0.0,0.0,0.5,0.0,9.535640352227595
2018-10-21 17:21:00,1.5,1.0766605,0.0,0.5,1.28833025,18.8,18.8,0.0,0.5,18.8,0.8633232116699219,0.8633232116699219,0.0,0.5,0.8633232116699219,0.4776182174682617,0.4776182174682617,0.0,0.5,0.4776182174682617,0.0,0.0,0.0,0.5,0.0,8.571708671655275
2018-10-21 17:21:00,3.5,1.2036623499999999,0.0,0.5,2.351831175,18.8,18.8,0.0,0.5,18.8,0.8633232116699219,0.8633232116699219,0.0,0.5,0.8633232116699219,0.4776182174682617,0.4776182174682617,0.0,0.5,0.4776182174682617,0.0,0.0,0.0,0.5,0.0,8.997109041655275
2018-10-21 17:21:00,5.5,1.2036623499999999,0.0,0.5,3.351831175,19.0,19.0,0.0,0.5,19.0,0.8633842468261719,0.8633842468261719,0.0,0.5,0.8633842468261719,0.4776182174682617,0.4776182174682617,0.0,0.5,0.4776182174682617,0.0,0.0,0.0,0.5,0.0,9.477133455717773
2018-10-21 17:21:00,1.0,5.569999999999999,0.0,0.5,3.2849999999999997,18.8,18.8,0.0,0.5,18.8,0.8635025024414062,0.8635025024414062,0.0,0.5,0.8635025024414062,0.4776182174682617,0.4776182174682617,0.0,0.5,0.4776182174682617,0.0,0.0,0.0,0.5,0.0,9.370448287963868
2018-10-21 17:21:00,0.5,1.1425636449999999,0.0,0.5,0.8212818224999999,18.8,18.8,0.0,0.5,18.8,0.8635025024414062,0.8635025024414062,0.0,0.5,0.8635025024414062,0.4776182174682617,0.4776182174682617,0.0,0.5,0.4776182174682617,0.0,0.0,0.0,0.5,0.0,8.384961016963867
2018-10-21 17:21:00,1.0,1.1425636449999999,0.0,0.5,1.0712818225,18.8,18.82663169688355,0.0,0.5,18.813315848441775,0.8635025024414062,0.8634059040715809,0.0,0.5,0.8634542032564936,0.4776182174682617,0.47761818124724176,0.0,0.5,0.47761819935775174,0.0,0.0,0.0,0.5,0.0,8.49026802942241
2018-10-21 17:21:00,5.6,1.0997945514999998,0.075,0.5,3.3498972757499996,18.8,18.818642187818483,0.0,0.5,18.80932109390924,0.8635978698730469,0.8634348835825285,0.0,0.5,0.8635163767277877,0.4776182174682617,0.4776181921135477,0.0,0.5,0.4776182047909047,0.0,0.0,0.0,0.5,0.0,9.400141180471172
2018-10-21 17:21:00,1.0,5.578999999999999,0.0,0.5,3.2894999999999994,18.8,18.8,0.0,0.5,18.8,0.8638763427734375,0.8638763427734375,0.0,0.5,0.8638763427734375,0.4776182174682617,0.4776182174682617,0.0,0.5,0.4776182174682617,0.0,0.0,0.0,0.5,0.0,9.37239782409668
2018-10-21 17:21:00,2.0,5.578999999999999,0.0,0.5,3.7894999999999994,18.8,18.8,0.0,0.5,18.8,0.8638763427734375,0.8638763427734375,0.0,0.5,0.8638763427734375,0.4776182174682617,0.4776182174682617,0.0,0.5,0.4776182174682617,0.0,0.0,0.0,0.5,0.0,9.57239782409668
2018-10-21 17:21:00,0.9,2.245,0.0,0.5,1.5725,18.8,18.8,0.0,0.5,18.8,0.8638763427734375,0.8638763427734375,0.0,0.5,0.8638763427734375,0.4776182174682617,0.4776182174682617,0.0,0.5,0.4776182174682617,0.0,0.0,0.0,0.5,0.0,8.68559782409668
2018-10-21 17:21:00,0.5,1.0188993302349998,0.0,0.5,0.7594496651174999,18.8,18.8,0.0,0.5,18.8,0.8638763427734375,0.8638763427734375,0.0,0.5,0.8638763427734375,0.4776182174682617,0.4776182174682617,0.0,0.5,0.4776182174682617,0.0,0.0,0.0,0.5,0.0,8.36037769014368
2018-10-21 17:21:00,3.6,1.0188993302349998,0.0,0.5,2.3094496651175,18.8,18.8,0.0,0.5,18.8,0.8638763427734375,0.8638763427734375,0.0,0.5,0.8638763427734375,0.4776182174682617,0.4776182174682617,0.0,0.5,0.4776182174682617,0.0,0.0,0.0,0.5,0.0,8.98037769014368
2018-10-21 17:21:00,0.5,3.53,0.0,0.5,2.0149999999999997,18.8,18.802193234754654,0.0,0.5,18.801096617377326,0.8640861511230469,0.8638103646589755,0.0,0.5,0.8639482578910112,0.4776182174682617,0.47761821448530484,0.0,0.5,0.4776182159767833,0.0,0.0,0.0,0.5,0.0,8.863065236498048
2018-10-21 17:21:00,1.5,0.5,0.0,0.5,1.0,18.8,18.80153526432826,0.0,0.5,18.80076763216413,0.8640861511230469,0.8638931005981969,0.0,0.5,0.8639896258606219,0.4776182174682617,0.4776182153801919,0.0,0.5,0.4776182164242268,0.0,0.0,0.0,0.5,0.0,8.456950189779592
2018-10-21 17:21:00,0.5,1.1632295311644998,0.0,0.5,0.8316147655822499,18.8,18.80107468502978,0.0,0.5,18.80053734251489,0.8640861511230469,0.8639510157556518,0.0,0.5,0.8640185834393493,0.4776182174682617,0.4776182160066128,0.0,0.5,0.47761821673743726,0.0,0.0,0.0,0.5,0.0,8.389515563309569
2018-10-21 17:21:00,3.0,0.5,0.0,0.5,1.75,18.8,18.800752279520843,0.0,0.5,18.800376139760424,0.8640861511230469,0.8639915563658703,0.0,0.5,0.8640388537444585,0.4776182174682617,0.4776182164451075,0.0,0.5,0.4776182169566846,0.0,0.0,0.0,0.5,0.0,8.756813284184627
2018-10-21 17:21:00,5.4,1.1632295311644998,0.0,0.5,3.2816147655822503,18.8,18.80052659566459,0.0,0.5,18.800263297832295,0.8641815185546875,0.8640199347930233,0.0,0.5,0.8641007266738554,0.4776182174682617,0.47761821675205374,0.0,0.5,0.47761821711015773,0.0,0.0,0.0,0.5,0.0,9.369438802879424
2018-10-21 17:21:00,0.5,5.5253,0.0,0.5,3.01265,18.8,18.800368616965212,0.0,0.5,18.800184308482606,0.8644180297851562,0.8640684099215226,0.0,0.5,0.8642432198533394,0.4776182174682617,0.4776182169669161,0.0,0.5,0.4776182172175889,0.0,0.0,0.0,0.5,0.0,9.261878298221415
2018-10-21 17:21:00,1.0,0.5,0.0,0.5,0.75,18.8,18.800258031875646,0.0,0.5,18.800129015937824,0.8644180297851562,0.8641732958806125,0.0,0.5,0.8642956628328844,0.4776182174682617,0.4776182171173198,0.0,0.5,0.47761821729279075,0.0,0.0,0.0,0.5,0.0,8.356817158425399
2018-10-21 17:21:00,1.0,5.5253,0.0,0.5,3.26265,18.8,18.8,0.0,0.5,18.8,0.8644180297851562,0.8644180297851562,0.0,0.5,0.8644180297851562,0.4776182174682617,0.4776182174682617,0.0,0.5,0.4776182174682617,0.0,0.0,0.0,0.5,0.0,9.361874498901368
2018-10-21 17:21:00,0.5,1.0799824702706047,0.0,0.5,0.7899912351353023,18.8,18.8,0.0,0.5,18.8,0.8644180297851562,0.8644180297851562,0.0,0.5,0.8644180297851562,0.4776182174682617,0.4776182174682617,0.0,0.5,0.4776182174682617,0.0,0.0,0.0,0.5,0.0,8.37281099295549
2018-10-21 17:21:00,4.1,0.5,0.0,0.5,2.3,18.8,18.8,0.0,0.5,18.8,0.8644180297851562,0.8644180297851562,0.0,0.5,0.8644180297851562,0.4776182174682617,0.4776182174682617,0.0,0.5,0.4776182174682617,0.0,0.0,0.0,0.5,0.0,8.976814498901367
2018-10-21 17:21:00,4.0,4.1,0.0,0.5,4.05,18.8,18.8,0.0,0.5,18.8,0.8646011352539062,0.8646011352539062,0.0,0.5,0.8646011352539062,0.4776182174682617,0.4776182174682617,0.0,0.5,0.4776182174682617,0.0,0.0,0.0,0.5,0.0,9.676887741088867
2018-10-21 17:21:00,2.5,5.5253,0.0,0.5,4.01265,18.8,18.8,0.0,0.5,18.8,0.8646011352539062,0.8646011352539062,0.0,0.5,0.8646011352539062,0.4776182174682617,0.4776182174682617,0.0,0.5,0.4776182174682617,0.0,0.0,0.0,0.5,0.0,9.661947741088868
2018-10-21 17:21:00,1.0,1.0799824702706047,0.0,0.5,1.0399912351353024,18.8,18.80003035719213,0.0,0.5,18.800015178596066,0.8646011352539062,0.8644826208750829,0.0,0.5,0.8645418780644946,0.4776182174682617,0.47761821742697363,0.0,0.5,0.4776182174476177,0.0,0.0,0.0,0.5,0.0,8.472866603697392
2018-10-21 17:21:00,2.0,1.0559877291894233,0.0,0.5,1.5279938645947118,18.8,18.80002125003449,0.0,0.5,18.800010625017244,0.8647079467773438,0.8645181751887299,0.0,0.5,0.8646130609830368,0.4776182174682617,0.47761821743936006,0.0,0.5,0.4776182174538109,0.0,0.0,0.0,0.5,0.0,8.668094307219521
2018-10-21 17:21:00,4.6,2.22505,0.0,0.5,3.4125249999999996,18.8,18.800014875024143,0.0,0.5,18.800007437512072,0.8647079467773438,0.864575106665314,0.0,0.5,0.8646415267213289,0.4776182174682617,0.47761821744803057,0.0,0.5,0.47761821745814614,0.0,0.0,0.0,0.5,0.0,9.421916872676618
2018-10-21 17:21:00,0.5,4.228999999999999,0.0,0.5,2.3644999999999996,18.8,18.800010412516897,0.0,0.5,18.800005206258447,0.8648338317871094,0.8646149586989229,0.0,0.5,0.8647243952430161,0.4776182174682617,0.4776182174540998,0.0,0.5,0.47761821746118077,0.0,0.0,0.0,0.5,0.0,9.002739127585057
2018-10-21 17:21:00,0.0,4.228999999999999,0.0,0.5,2.1144999999999996,18.8,18.800007288761826,0.0,0.5,18.800003644380915,0.8648338317871094,0.8646806206253788,0.0,0.5,0.8647572262062441,0.4776182174682617,0.4776182174583483,0.0,0.5,0.477618217463305,0.0,0.0,0.0,0.5,0.0,8.902751635220186
2018-10-21 17:21:00,1.0,0.35,0.0,0.5,0.675,18.8,18.800005102133277,0.0,0.5,18.80000255106664,0.8648338317871094,0.864726583973898,0.0,0.5,0.8647802078805037,0.4776182174682617,0.47761821746132227,0.0,0.5,0.477618217464792,0.0,0.0,0.0,0.5,0.0,8.326960390564775
2018-10-21 17:21:00,2.0,1.0391914104325963,0.0,0.5,1.519595705216298,18.8,18.800003571493292,0.0,0.5,18.800001785746645,0.8648338317871094,0.8647587583178613,0.0,0.5,0.8647962950524853,0.4776182174682617,0.47761821746340405,0.0,0.5,0.4776182174658329,0.0,0.0,0.0,0.5,0.0,8.664804801392503
2018-10-21 17:21:00,7.0,0.35,0.025,0.5,3.675,18.8,18.800002500045302,0.0,0.5,18.800001250022653,0.8648338317871094,0.8647812803586357,0.0,0.5,0.8648075560728725,0.4776182174682617,0.4776182174648613,0.0,0.5,0.4776182174665615,0.0,0.0,0.0,0.5,0.0,9.526970809424835
2018-10-21 17:21:00,0.5,2.1575349999999998,0.025,0.5,1.3287674999999999,18.8,18.80000175003171,0.0,0.5,18.800000875015854,0.8650169372558594,0.8647970457871776,0.0,0.5,0.8649069915215185,0.4776182174682617,0.4776182174658814,0.0,0.5,0.47761821746707156,0.0,0.0,0.0,0.5,0.0,8.588517433601778
2018-10-21 17:21:00,1.5,2.1575349999999998,0.025,0.5,1.8287674999999999,18.8,18.800001225022196,0.0,0.5,18.8000006125111,0.8650169372558594,0.8648630132277821,0.0,0.5,0.8649399752418208,0.4776182174682617,0.4776182174665955,0.0,0.5,0.4776182174674286,0.0,0.0,0.0,0.5,0.0,8.78853052208814
2018-10-21 17:21:00,1.5,1.1774339873028175,0.025,0.5,1.3387169936514087,18.8,18.800000857515535,0.0,0.5,18.80000042875777,0.8650169372558594,0.8649091904362052,0.0,0.5,0.8649630638460323,0.4776182174682617,0.4776182174670953,0.0,0.5,0.4776182174676785,0.0,0.0,0.0,0.5,0.0,8.592519481489157
2018-10-21 17:21:00,4.1,1.2742037911119721,0.05,0.5,2.687101895555986,18.8,18.8,0.0,0.5,18.8,0.8651199340820312,0.8651199340820312,0.0,0.5,0.8651199340820312,0.4776182174682617,0.4776182174682617,0.0,0.5,0.4776182174682617,0.0,0.0,0.0,0.5,0.0,9.131936018842513
2018-10-21 17:21:00,1.0,4.190299999999999,0.025,0.5,2.5951499999999994,18.8,18.8,0.0,0.5,18.8,0.8652496337890625,0.8652496337890625,0.0,0.5,0.8652496337890625,0.4776182174682617,0.4776182174682617,0.0,0.5,0.4776182174682617,0.0,0.0,0.0,0.5,0.0,9.09520714050293
2018-10-21 17:21:00,2.5,1.1919426537783804,0.025,0.5,1.8459713268891902,18.8,18.8,0.0,0.5,18.8,0.8652496337890625,0.8652496337890625,0.0,0.5,0.8652496337890625,0.4776182174682617,0.4776182174682617,0.0,0.5,0.4776182174682617,0.0,0.0,0.0,0.5,0.0,8.795535671258607
2018-10-21 17:21:00,1.0,2.2602744999999995,0.025,0.5,1.6301372499999998,18.8,18.8,0.0,0.5,18.8,0.8652496337890625,0.8652496337890625,0.0,0.5,0.8652496337890625,0.4776182174682617,0.4776182174682617,0.0,0.5,0.4776182174682617,0.0,0.0,0.0,0.5,0.0,8.70920204050293
2018-10-21 17:21:00,1.0,2.2602744999999995,0.025,0.5,1.6301372499999998,18.8,18.8,0.0,0.5,18.8,0.8652496337890625,0.8652496337890625,0.0,0.5,0.8652496337890625,0.4776182174682617,0.4776182174682617,0.0,0.5,0.4776182174682617,0.0,0.0,0.0,0.5,0.0,8.70920204050293
2018-10-21 17:21:00,6.6,1.0940519003514062,0.075,0.5,3.847025950175703,18.8,18.800000100885843,0.0,0.5,18.80000005044292,0.8652496337890625,0.8651885059072439,0.0,0.5,0.8652190698481532,0.4776182174682617,0.4776182174681244,0.0,0.5,0.47761821746819305,0.0,0.0,0.0,0.5,0.0,9.595945315173989
2018-10-21 17:21:00,0.5,6.595799999999999,0.0,0.5,3.5478999999999994,18.8,18.80000007062009,0.0,0.5,18.800000035310045,0.8654289245605469,0.8652068442717895,0.0,0.5,0.8653178844161682,0.4776182174682617,0.4776182174681656,0.0,0.5,0.47761821746821365,0.0,0.0,0.0,0.5,0.0,9.476334454877769
2018-10-21 17:21:00,0.5,6.595799999999999,0.0,0.5,3.5478999999999994,18.8,18.80000004943406,0.0,0.5,18.80000002471703,0.8654289245605469,0.8652734683584167,0.0,0.5,0.8653511964594818,0.4776182174682617,0.47761821746819433,0.0,0.5,0.477618217468228,0.0,0.0,0.0,0.5,0.0,9.476347775457896
2018-10-21 17:21:00,1.5,0.44855,0.0,0.5,0.974275,18.8,18.80000003460384,0.0,0.5,18.80000001730192,0.8654289245605469,0.8653201052190556,0.0,0.5,0.8653745148898012,0.4776182174682617,0.47761821746821453,0.0,0.5,0.4776182174682381,0.0,0.0,0.0,0.5,0.0,8.446907099863981
2018-10-21 17:21:00,1.0,1.2158363302459843,0.0,0.5,1.1079181651229921,18.8,18.800000024222687,0.0,0.5,18.800000012111344,0.8655204772949219,0.8653527510215029,0.0,0.5,0.8654366141582124,0.4776182174682617,0.47761821746822863,0.0,0.5,0.4776182174682452,0.0,0.0,0.0,0.5,0.0,8.500389203544318
2018-10-21 17:21:00,6.1,0.44855,0.0,0.5,3.274275,18.8,18.80000001695588,0.0,0.5,18.80000000847794,0.8655204772949219,0.8654030689035286,0.0,0.5,0.8654617730992252,0.4776182174682617,0.4776182174682385,0.0,0.5,0.4776182174682501,0.0,0.0,0.0,0.5,0.0,9.366941999618167
2018-10-21 17:21:00,1.0,6.447059999999999,0.0,0.5,3.7235299999999993,18.8,18.800000011869116,0.0,0.5,18.800000005934557,0.8657722473144531,0.8654382914209466,0.0,0.5,0.8656052693676999,0.4776182174682617,0.4776182174682454,0.0,0.5,0.47761821746825356,0.0,0.0,0.0,0.5,0.0,9.546701397108205
2018-10-21 17:21:00,0.5,6.447059999999999,0.0,0.5,3.4735299999999993,18.8,18.80000000830838,0.0,0.5,18.800000004154192,0.8657722473144531,0.8655384781889985,0.0,0.5,0.8656553627517258,0.4776182174682617,0.4776182174682503,0.0,0.5,0.477618217468256,0.0,0.0,0.0,0.5,0.0,9.44672143374967
2018-10-21 17:21:00,0.5,1.1057598018205321,0.0,0.5,0.8028799009102661,18.8,18.800000005815864,0.0,0.5,18.800000002907932,0.8657722473144531,0.8656086089266348,0.0,0.5,0.865690428120544,0.4776182174682617,0.4776182174682537,0.0,0.5,0.4776182174682577,0.0,0.0,0.0,0.5,0.0,8.3784754197628
2018-10-21 17:21:00,0.5,0.4747895,0.0,0.5,0.48739475,18.8,18.800000004071105,0.0,0.5,18.800000002035553,0.8657722473144531,0.8656577004429802,0.0,0.5,0.8657149738787167,0.4776182174682617,0.47761821746825606,0.0,0.5,0.4776182174682589,0.0,0.0,0.0,0.5,0.0,8.252291177353012
2018-10-21 17:21:00,5.1,1.1057598018205321,0.0,0.5,3.102879900910266,18.8,18.80000000284977,0.0,0.5,18.800000001424884,0.8657722473144531,0.8656920645044219,0.0,0.5,0.8657321559094375,0.4776182174682617,0.4776182174682577,0.0,0.5,0.4776182174682597,0.0,0.0,0.0,0.5,0.0,9.298492110285139
2018-10-21 17:21:00,4.0,1.1057598018205321,0.0,0.5,2.5528799009102663,18.8,18.80000000199484,0.0,0.5,18.80000000099742,0.8659515380859375,0.8657161193474312,0.0,0.5,0.8658338287166844,0.4776182174682617,0.47761821746825883,0.0,0.5,0.4776182174682603,0.0,0.0,0.0,0.5,0.0,9.078532779237054
2018-10-21 17:21:00,0.5,4.133209999999999,0.0,0.5,2.3166049999999996,18.8,18.800000001396388,0.0,0.5,18.800000000698194,0.8659515380859375,0.8657867449689831,0.0,0.5,0.8658691415274603,0.4776182174682617,0.4776182174682596,0.0,0.5,0.47761821746826066,0.0,0.0,0.0,0.5,0.0,8.984036943877566
2018-10-21 17:21:00,0.5,0.48764685499999993,0.0,0.5,0.49382342749999997,18.8,18.80000000097747,0.0,0.5,18.800000000488737,0.8659515380859375,0.8658361829040693,0.0,0.5,0.8658938604950034,0.4776182174682617,0.47761821746826016,0.0,0.5,0.47761821746826094,0.0,0.0,0.0,0.5,0.0,8.2549342023808
2018-10-21 17:22:00,0.5,0.4913527984999999,0.0,0.5,0.49567639924999995,18.8,18.8,0.0,0.5,18.8,0.8660621643066406,0.8660621643066406,0.0,0.5,0.8660621643066406,0.4776182174682617,0.4776182174682617,0.0,0.5,0.4776182174682617,0.0,0.0,0.0,0.5,0.0,8.255742712409962
2018-10-21 17:22:00,7.0,0.49394695894999996,0.0,0.5,3.746973479475,18.8,18.8,0.0,0.5,18.8,0.8660621643066406,0.8660621643066406,0.0,0.5,0.8660621643066406,0.4776182174682617,0.4776182174682617,0.0,0.5,0.4776182174682617,0.0,0.0,0.0,0.5,0.0,9.55626154449996
2018-10-21 17:22:00,1.0,6.6129419999999985,0.0,0.5,3.8064709999999993,18.8,18.8,0.0,0.5,18.8,0.8661918640136719,0.8661918640136719,0.0,0.5,0.8661918640136719,0.4776182174682617,0.4776182174682617,0.0,0.5,0.4776182174682617,0.0,0.0,0.0,0.5,0.0,9.580112432592774
2018-10-21 17:22:00,0.5,1.0740318612743724,0.0,0.5,0.7870159306371862,18.8,18.80000000023469,0.0,0.5,18.800000000117343,0.8661918640136719,0.8660354326458821,0.0,0.5,0.866113648329777,0.4776182174682617,0.4776182174682613,0.0,0.5,0.4776182174682615,0.0,0.0,0.0,0.5,0.0,8.372299118621026
2018-10-21 17:22:00,1.5,0.49576287126499996,0.0,0.5,0.9978814356325,18.8,18.80000000016428,0.0,0.5,18.800000000082143,0.8661918640136719,0.866082362056219,0.0,0.5,0.8661371130349454,0.4776182174682617,0.4776182174682614,0.0,0.5,0.47761821746826155,0.0,0.0,0.0,0.5,0.0,8.45665470648714
2018-10-21 17:22:00,0.0,1.2018223028920607,0.0,0.5,0.6009111514460304,18.8,18.800000000114995,0.0,0.5,18.800000000057498,0.8661918640136719,0.8661152126434548,0.0,0.5,0.8661535383285633,0.4776182174682617,0.4776182174682615,0.0,0.5,0.4776182174682616,0.0,0.0,0.0,0.5,0.0,8.297873162920142
2018-10-21 17:22:00,5.1,0.34703400988549993,0.0,0.5,2.72351700494275,18.8,18.8,0.0,0.5,18.8,0.8661918640136719,0.8661918640136719,0.0,0.5,0.8661918640136719,0.4776182174682617,0.4776182174682617,0.0,0.5,0.4776182174682617,0.0,0.0,0.0,0.5,0.0,9.146930834569874
2018-10-21 17:22:00,0.0,0.34703400988549993,0.0,0.5,0.17351700494274996,18.8,18.800000000056347,0.0,0.5,18.800000000028174,0.8663673400878906,0.8661543048422655,0.0,0.5,0.8662608224650781,0.4776182174682617,0.4776182174682615,0.0,0.5,0.4776182174682616,0.0,0.0,0.0,0.5,0.0,8.126958417961706
2018-10-21 17:22:00,0.5,5.308396999999999,0.0,0.5,2.9041984999999997,18.8,18.800000000039443,0.0,0.5,18.800000000019722,0.8663673400878906,0.866218215415953,0.0,0.5,0.8662927777519218,0.4776182174682617,0.4776182174682615,0.0,0.5,0.4776182174682616,0.0,0.0,0.0,0.5,0.0,9.219243798095963
2018-10-21 17:22:00,1.5,0.32004666484389493,0.0,0.9583692202575874,0.9100233324219473,18.8,18.80000000002761,0.0,0.9583692202575874,18.800000000013803,0.8664665222167969,0.8662629528175342,0.0,0.5,0.8663647375171655,0.4776182174682617,0.4776182174682615,0.0,0.5,0.4776182174682616,0.0,0.0,0.0,0.5,0.0,6.162018736279578
2018-10-21 17:22:00,0.5,0.32004666484389493,0.0,0.9583692202575874,0.41002333242194744,18.8,18.800000000019324,0.0,0.9583692202575874,18.80000000000966,0.8664665222167969,0.8663240236373129,0.0,0.9583692202575874,0.8663952729270549,0.4776182174682617,0.4776182174682615,0.0,0.9583692202575874,0.4776182174682616,0.0,0.0,0.0,0.9583692202575874,0.0,4.289377494261028
2018-10-21 17:22:00,5.1,1.2912756120244424,0.0,0.9583692202575874,3.1956378060122215,18.8,18.800000000013526,0.0,0.9583692202575874,18.80000000000676,0.8664665222167969,0.866366773211158,0.0,0.9583692202575874,0.8664166477139774,0.4776182174682617,0.4776182174682615,0.0,0.9583692202575874,0.4776182174682616,0.0,0.0,0.0,0.9583692202575874,0.0,4.8707058152239195
2018-10-21 17:22:00,2.0,0.37403266539072644,0.0,0.9583692202575874,1.1870163326953633,18.8,18.80000000000947,0.0,0.9583692202575874,18.800000000004736,0.8666114807128906,0.8663966979128497,0.0,0.9583692202575874,0.8665040893128702,0.4776182174682617,0.4776182174682615,0.0,0.9583692202575874,0.4776182174682616,0.0,0.0,0.0,0.9583692202575874,0.0,4.451549191813134
2018-10-21 17:22:00,0.5,5.245877899999999,0.0,0.9583692202575874,2.8729389499999995,18.8,18.800000000006627,0.0,0.9583692202575874,18.800000000003312,0.8666114807128906,0.866461132752862,0.0,0.9583692202575874,0.8665363067328763,0.4776182174682617,0.4776182174682615,0.0,0.9583692202575874,0.4776182174682616,0.0,0.0,0.0,0.9583692202575874,0.0,4.803387460214548
2018-10-21 17:22:00,1.0,2.1821921499999997,0.0,0.9583692202575874,1.591096075,18.8,18.800000000004637,0.0,0.9583692202575874,18.800000000002317,0.8666114807128906,0.8665062371408705,0.0,0.9583692202575874,0.8665588589268806,0.4776182174682617,0.4776182174682615,0.0,0.9583692202575874,0.4776182174682616,0.0,0.0,0.0,0.9583692202575874,0.0,4.535887149120987
2018-10-21 17:22:00,1.0,0.41182286577350846,0.0,0.9583692202575874,0.7059114328867542,18.8,18.800000000003244,0.0,0.9583692202575874,18.80000000000162,0.8666114807128906,0.8665378102124766,0.0,0.9583692202575874,0.8665746454626836,0.4776182174682617,0.4776182174682615,0.0,0.9583692202575874,0.4776182174682616,0.0,0.0,0.0,0.9583692202575874,0.0,4.351163174922354
2018-10-21 17:22:00,5.6,2.1821921499999997,0.0,0.9583692202575874,3.891096075,18.8,18.80000000000227,0.0,0.9583692202575874,18.800000000001134,0.8666114807128906,0.8665599113626008,0.0,0.9583692202575874,0.8665856960377456,0.4776182174682617,0.4776182174682615,0.0,0.9583692202575874,0.4776182174682616,0.0,0.0,0.0,0.9583692202575874,0.0,5.015874775704297
2018-10-21 17:22:00,1.0,1.1427250498919768,0.0,0.9583692202575874,1.0713625249459884,18.8,18.80000000000159,0.0,0.9583692202575874,18.800000000000797,0.8668022155761719,0.8665753821676876,0.0,0.9583692202575874,0.8666887988719297,0.4776182174682617,0.4776182174682615,0.0,0.9583692202575874,0.4776182174682616,0.0,0.0,0.0,0.9583692202575874,0.0,4.427452195425204
2018-10-21 17:22:00,1.5,5.352114529999999,0.0,0.9583692202575874,3.4260572649999994,18.8,18.800000000001113,0.0,0.9583692202575874,18.80000000000056,0.8668022155761719,0.8666434321902328,0.0,0.9583692202575874,0.8667228238832023,0.4776182174682617,0.4776182174682615,0.0,0.9583692202575874,0.4776182174682616,0.0,0.0,0.0,0.9583692202575874,0.0,4.91885544905477
2018-10-21 17:22:00,1.0,1.2199352744470686,0.0,0.9583692202575874,1.1099676372235343,18.8,18.80000000000078,0.0,0.9583692202575874,18.80000000000039,0.8668975830078125,0.8666910672060144,0.0,0.9583692202575874,0.8667943251069135,0.4776182174682617,0.4776182174682615,0.0,0.9583692202575874,0.4776182174682616,0.0,0.0,0.0,0.9583692202575874,0.0,4.4355306348604175
2018-10-21 17:22:00,2.5,1.153954692112948,0.0,0.9583692202575874,1.826977346056474,18.8,18.800000000000544,0.0,0.9583692202575874,18.80000000000027,0.8668975830078125,0.8667530219465538,0.0,0.9583692202575874,0.8668253024771831,0.4776182174682617,0.4776182174682615,0.0,0.9583692202575874,0.4776182174682616,0.0,0.0,0.0,0.9583692202575874,0.0,4.585168304987254
2018-10-21 17:22:00,4.1,1.153954692112948,0.0,0.9583692202575874,2.626977346056474,18.8,18.80000000000038,0.0,0.9583692202575874,18.80000000000019,0.8668975830078125,0.8667963902649314,0.0,0.9583692202575874,0.8668469866363719,0.4776182174682617,0.4776182174682615,0.0,0.9583692202575874,0.4776182174682616,0.0,0.0,0.0,0.9583692202575874,0.0,4.752123100122281
2018-10-21 17:22:00,1.0,1.153954692112948,0.0,0.9583692202575874,1.076977346056474,18.8,18.800000000000267,0.0,0.9583692202575874,18.800000000000136,0.8670310974121094,0.8668267480877956,0.0,0.9583692202575874,0.8669289227499524,0.4776182174682617,0.4776182174682615,0.0,0.9583692202575874,0.4776182174682616,0.0,0.0,0.0,0.9583692202575874,0.0,4.4286740512327745
2018-10-21 17:22:00,1.0,2.2775345049999998,0.0,0.9583692202575874,1.6387672524999999,18.8,18.8,0.0,0.9583692202575874,18.8,0.8670310974121094,0.8670310974121094,0.0,0.9583692202575874,0.8670310974121094,0.4776182174682617,0.4776182174682617,0.0,0.9583692202575874,0.4776182174682617,0.0,0.0,0.0,0.9583692202575874,0.0,4.545934094487195
2018-10-21 17:22:00,1.0,4.123246999999999,0.0,0.9583692202575874,2.561623499999999,18.8,18.8,0.0,0.9583692202575874,18.8,0.8670310974121094,0.8670310974121094,0.0,0.9583692202575874,0.8670310974121094,0.4776182174682617,0.4776182174682617,0.0,0.9583692202575874,0.4776182174682617,0.0,0.0,0.0,0.9583692202575874,0.0,4.738522969003001
2018-10-21 17:22:00,2.6,1.052806459394741,0.0,0.9583692202575874,1.8264032296973707,18.8,18.8,0.0,0.9583692202575874,18.8,0.8670310974121094,0.8670310974121094,0.0,0.9583692202575874,0.8670310974121094,0.4776182174682617,0.4776182174682617,0.0,0.9583692202575874,0.4776182174682617,0.0,0.0,0.0,0.9583692202575874,0.0,4.58509144078572
2018-10-21 17:22:00,6.6,1.052806459394741,0.0,0.9583692202575874,3.82640322969737,18.8,18.80000000000006,0.0,0.9583692202575874,18.800000000000033,0.8672142028808594,0.8669820331393414,0.0,0.9583692202575874,0.8670981180101005,0.4776182174682617,0.4776182174682615,0.0,0.9583692202575874,0.4776182174682616,0.0,0.0,0.0,0.9583692202575874,0.0,5.002481101956277
2018-10-21 17:22:00,0.5,1.052806459394741,0.0,0.9583692202575874,0.7764032296973705,18.8,18.800000000000043,0.0,0.9583692202575874,18.80000000000002,0.8673477172851562,0.8670516840617968,0.0,0.9583692202575874,0.8671997006734765,0.4776182174682617,0.4776182174682615,0.0,0.9583692202575874,0.4776182174682616,0.0,0.0,0.0,0.9583692202575874,0.0,4.366004396972596
2018-10-21 17:22:00,2.0,2.3742741535,0.0,0.9583692202575874,2.18713707675,18.8,18.80000000000003,0.0,0.9583692202575874,18.80000000000001,0.8673477172851562,0.8671404940288046,0.0,0.9583692202575874,0.8672441056569804,0.4776182174682617,0.4776182174682615,0.0,0.9583692202575874,0.4776182174682616,0.0,0.0,0.0,0.9583692202575874,0.0,4.660416659431723
2018-10-21 17:22:00,0.0,1.052806459394741,0.0,0.9583692202575874,0.5264032296973705,18.8,18.80000000000002,0.0,0.9583692202575874,18.80000000000001,0.8674659729003906,0.86720266100571,0.0,0.9583692202575874,0.8673343169530503,0.4776182174682617,0.4776182174682615,0.0,0.9583692202575874,0.4776182174682616,0.0,0.0,0.0,0.9583692202575874,0.0,4.3138605304044955
2018-10-21 17:22:00,5.1,0.3067932042290191,0.0,0.9583692202575874,2.7033966021145095,18.8,18.80000000000001,0.0,0.9583692202575874,18.800000000000004,0.8674659729003906,0.8672816545741142,0.0,0.9583692202575874,0.8673738137372524,0.4776182174682617,0.4776182174682615,0.0,0.9583692202575874,0.4776182174682616,0.0,0.0,0.0,0.9583692202575874,0.0,4.768180811812573
2018-10-21 17:22:00,1.0,2.26199190745,0.0,0.9583692202575874,1.6309959537250003,18.8,18.8,0.0,0.9583692202575874,18.8,0.8675918579101562,0.8675918579101562,0.0,0.9583692202575874,0.8675918579101562,0.4776182174682617,0.4776182174682615,0.0,0.9583692202575874,0.4776182174682616,0.0,0.0,0.0,0.9583692202575874,0.0,4.544429342847735
2018-10-21 17:22:00,1.0,0.3067932042290191,0.0,0.9583692202575874,0.6533966021145095,18.8,18.800000000000004,0.0,0.9583692202575874,18.800000000000004,0.8675918579101562,0.8674134224234449,0.0,0.9583692202575874,0.8675026401668006,0.4776182174682617,0.4776182174682615,0.0,0.9583692202575874,0.4776182174682616,0.0,0.0,0.0,0.9583692202575874,0.0,4.340397629664988
2018-10-21 17:22:00,1.5,1.025875165103423,0.0,0.9583692202575874,1.2629375825517115,18.8,18.8,0.0,0.9583692202575874,18.8,0.8675918579101562,0.8674669530694583,0.0,0.9583692202575874,0.8675294054898073,0.4776182174682617,0.4776182174682615,0.0,0.9583692202575874,0.4776182174682616,0.0,0.0,0.0,0.9583692202575874,0.0,4.467607004272484
2018-10-21 17:22:00,1.0,5.276480170999999,0.0,0.9583692202575874,3.1382400855,18.8,18.8,0.0,0.9583692202575874,18.8,0.8675918579101562,0.8675044245216676,0.0,0.9583692202575874,0.8675481412159118,0.4776182174682617,0.4776182174682615,0.0,0.9583692202575874,0.4776182174682616,0.0,0.0,0.0,0.9583692202575874,0.0,4.858963737989444
2018-10-21 17:22:00,4.6,1.117678830900677,0.0,0.9583692202575874,2.8588394154503383,18.8,18.8,0.0,0.9583692202575874,18.8,0.8675918579101562,0.8675306545382142,0.0,0.9583692202575874,0.8675612562241852,0.4776182174682617,0.4776182174682615,0.0,0.9583692202575874,0.4776182174682616,0.0,0.0,0.0,0.9583692202575874,0.0,4.800658953333214
2018-10-21 17:22:00,1.5,1.117678830900677,0.0,0.9583692202575874,1.3088394154503387,18.8,18.8,0.0,0.9583692202575874,18.8,0.867767333984375,0.8675490155497967,0.0,0.9583692202575874,0.867658174767086,0.4776182174682617,0.4776182174682615,0.0,0.9583692202575874,0.4776182174682616,0.0,0.0,0.0,0.9583692202575874,0.0,4.477213031094492
2018-10-21 17:22:00,2.0,1.232375181630474,0.0,0.9583692202575874,1.616187590815237,18.8,18.8,0.0,0.9583692202575874,18.8,0.867767333984375,0.8676145110801702,0.0,0.9583692202575874,0.8676909225322725,0.4776182174682617,0.4776182174682615,0.0,0.9583692202575874,0.4776182174682616,0.0,0.0,0.0,0.9583692202575874,0.0,4.541359691198511
2018-10-21 17:22:00,0.5,2.183394335215,0.0,0.9583692202575874,1.3416971676075,18.8,18.8,0.0,0.9583692202575874,18.8,0.8678665161132812,0.8676603579514316,0.0,0.9583692202575874,0.8677634370323565,0.4776182174682617,0.4776182174682615,0.0,0.9583692202575874,0.4776182174682616,0.0,0.0,0.0,0.9583692202575874,0.0,4.484092011288278
2018-10-21 17:22:00,0.5,4.266272899999999,0.0,0.9583692202575874,2.3831364499999994,18.8,18.8,0.0,0.9583692202575874,18.8,0.8678665161132812,0.8677222053999865,0.0,0.9583692202575874,0.8677943607566339,0.4776182174682617,0.4776182174682615,0.0,0.9583692202575874,0.4776182174682616,0.0,0.0,0.0,0.9583692202575874,0.0,4.701434176312496
2018-10-21 17:22:00,6.0,1.232375181630474,0.0,0.9583692202575874,3.616187590815237,18.8,18.8,0.0,0.9583692202575874,18.8,0.8678665161132812,0.8677654986139749,0.0,0.9583692202575874,0.8678160073636281,0.4776182174682617,0.4776182174682615,0.0,0.9583692202575874,0.4776182174682616,0.0,0.0,0.0,0.9583692202575874,0.0,4.958761469668351
2018-10-21 17:22:00,3.0,1.232375181630474,0.0,0.9583692202575874,2.1161875908152368,18.8,18.8,0.0,0.9583692202575874,18.8,0.8679847717285156,0.8677958038637668,0.0,0.9583692202575874,0.8678902877961412,0.4776182174682617,0.4776182174682615,0.0,0.9583692202575874,0.4776182174682616,0.0,0.0,0.0,0.9583692202575874,0.0,4.645745215001002
2018-10-21 17:22:00,1.0,0.4053286700722193,0.0,0.9583692202575874,0.7026643350361096,18.8,18.8,0.0,0.9583692202575874,18.8,0.8679885864257812,0.8678524942231913,0.0,0.9583692202575874,0.8679205403244863,0.4776182174682617,0.4776182174682615,0.0,0.9583692202575874,0.4776182174682616,0.0,0.0,0.0,0.9583692202575874,0.0,4.350766416981829
2018-10-21 17:22:00,1.0,0.4053286700722193,0.0,0.9583692202575874,0.7026643350361096,18.8,18.8,0.0,0.9583692202575874,18.8,0.8679885864257812,0.8678933218839683,0.0,0.9583692202575874,0.8679409541548748,0.4776182174682617,0.4776182174682615,0.0,0.9583692202575874,0.4776182174682616,0.0,0.0,0.0,0.9583692202575874,0.0,4.350770677099945
2018-10-21 17:22:00,0.0,6.426341579999998,0.0,0.9583692202575874,3.213170789999999,18.8,18.8,0.0,0.9583692202575874,18.8,0.8679885864257812,0.8679219012465121,0.0,0.9583692202575874,0.8679552438361466,0.4776182174682617,0.4776182174682615,0.0,0.9583692202575874,0.4776182174682616,0.0,0.0,0.0,0.9583692202575874,0.0,4.87468582203133
2018-10-21 17:22:00,5.6,3.2596999999999996,0.0,0.9583692202575874,4.42985,18.8,18.8,0.0,0.9583692202575874,18.8,0.8679885864257812,0.8679419068002928,0.0,0.9583692202575874,0.867965246613037,0.4776182174682617,0.4776182174682615,0.0,0.9583692202575874,0.4776182174682616,0.0,0.0,0.0,0.9583692202575874,0.0,5.128594062625674
2018-10-21 17:22:00,1.0,2.183394335215,0.0,0.9583692202575874,1.5916971676075002,18.8,18.8,0.0,0.9583692202575874,18.8,0.8681755065917969,0.8679559106879393,0.0,0.9583692202575874,0.8680657086398681,0.4776182174682617,0.4776182174682615,0.0,0.9583692202575874,0.4776182174682616,0.0,0.0,0.0,0.9583692202575874,0.0,4.536327051044717
2018-10-21 17:22:00,1.0,1.0797046872992524,0.0,0.9583692202575874,1.0398523436496263,18.8,18.8,0.0,0.9583692202575874,18.8,0.8681793212890625,0.8680217894590965,0.0,0.9583692202575874,0.8681005553740795,0.4776182174682617,0.4776182174682615,0.0,0.9583692202575874,0.4776182174682616,0.0,0.0,0.0,0.9583692202575874,0.0,4.421171020245784
2018-10-21 17:22:00,1.0,0.2837300690505535,0.0,0.9583692202575874,0.6418650345252768,18.8,18.8,0.0,0.9583692202575874,18.8,0.8682708740234375,0.8680690490080862,0.0,0.9583692202575874,0.8681699615157619,0.4776182174682617,0.4776182174682615,0.0,0.9583692202575874,0.4776182174682616,0.0,0.0,0.0,0.9583692202575874,0.0,4.338130393612196
2018-10-21 17:22:00,1.5,1.0390552967766336,0.0,0.9583692202575874,1.2695276483883167,18.8,18.8,0.0,0.9583692202575874,18.8,0.8682708740234375,0.8681295965126916,0.0,0.9583692202575874,0.8682002352680646,0.4776182174682617,0.4776182174682615,0.0,0.9583692202575874,0.4776182174682616,0.0,0.0,0.0,0.9583692202575874,0.0,4.46912226487589
2018-10-21 17:22:00,4.6,1.1773387077436435,0.0,0.9583692202575874,2.8886693538718218,18.8,18.8,0.0,0.9583692202575874,18.8,0.8682708740234375,0.8682708740234375,0.0,0.9583692202575874,0.8682708740234375,0.4776182174682617,0.4776182174682617,0.0,0.9583692202575874,0.4776182174682617,0.0,0.0,0.0,0.9583692202575874,0.0,4.807032187275874
2018-10-21 17:22:00,1.0,1.1773387077436435,0.0,0.9583692202575874,1.0886693538718217,18.8,18.8,0.0,0.9583692202575874,18.8,0.8683891296386719,0.8683891296386719,0.0,0.9583692202575874,0.8683891296386719,0.4776182174682617,0.4776182174682617,0.0,0.9583692202575874,0.4776182174682617,0.0,0.0,0.0,0.9583692202575874,0.0,4.431418758476273
2018-10-21 17:22:00,1.0,1.1241370954205503,0.0,0.9583692202575874,1.0620685477102751,18.8,18.8,0.0,0.9583692202575874,18.8,0.8684005737304688,0.8684005737304688,0.0,0.9583692202575874,0.8684005737304688,0.4776182174682617,0.4776182174682617,0.0,0.9583692202575874,0.4776182174682617,0.0,0.0,0.0,0.9583692202575874,0.0,4.425869882008265
2018-10-21 17:22:00,1.0,1.0868959667943852,0.0,0.9583692202575874,1.0434479833971926,18.8,18.8,0.0,0.9583692202575874,18.8,0.8684005737304688,0.8683006968844158,0.0,0.9583692202575874,0.8683506353074423,0.4776182174682617,0.4776182174682615,0.0,0.9583692202575874,0.4776182174682616,0.0,0.0,0.0,0.9583692202575874,0.0,4.421973575169218
2018-10-21 17:22:00,1.0,1.0608271767560695,0.0,0.9583692202575874,1.0304135883780348,18.8,18.8,0.0,0.9583692202575874,18.8,0.8684005737304688,0.8683306599382317,0.0,0.9583692202575874,0.8683656168343502,0.4776182174682617,0.4776182174682615,0.0,0.9583692202575874,0.4776182174682616,0.0,0.0,0.0,0.9583692202575874,0.0,4.419256581923389
2018-10-21 17:22:00,5.6,4.366391029999999,0.05,0.9255446113924198,4.983195514999999,18.8,18.8,0.0,0.9583692202575874,18.8,0.8684005737304688,0.8683516340759028,0.0,0.9583692202575874,0.8683761039031858,0.4776182174682617,0.4776182174682615,0.0,0.9583692202575874,0.4776182174682616,0.0,0.0,0.0,0.9583692202575874,0.0,5.280327032853644
2018-10-21 17:22:00,1.0,5.441475283789999,0.0,0.9255446113924198,3.220737641894999,18.8,18.8,0.0,0.9255446113924198,18.8,0.8685722351074219,0.8683663159722725,0.0,0.9255446113924198,0.8684692755398472,0.4776182174682617,0.4776182174682615,0.0,0.9255446113924198,0.4776182174682616,0.0,0.0,0.0,0.9255446113924198,0.0,5.049313635946578
2018-10-21 17:22:00,1.0,1.0298053166104741,0.0,0.9583692202575874,1.014902658305237,18.8,18.8,0.0,0.9255446113924198,18.8,0.8685722351074219,0.8683663159722725,0.0,0.9255446113924198,0.8684692755398472,0.4776182174682617,0.4776182174682615,0.0,0.9255446113924198,0.4776182174682616,0.0,0.0,0.0,0.9255446113924198,0.0,4.540451395116712
2018-10-21 17:23:00,0.5,1.0208637216273317,0.0,0.9583692202575874,0.7604318608136659,18.8,18.8,0.0,0.9583692202575874,18.8,0.8686790466308594,0.8683663159722725,0.0,0.9583692202575874,0.868522681301566,0.4776182174682617,0.4776182174682615,0.0,0.9583692202575874,0.4776182174682616,0.0,0.0,0.0,0.9583692202575874,0.0,4.362947456506229
2018-10-21 17:23:00,1.0,1.0208637216273317,0.0,0.9583692202575874,1.0104318608136658,18.8,18.8,0.0,0.9583692202575874,18.8,0.8686790466308594,0.8683663159722725,0.0,0.9583692202575874,0.868522681301566,0.4776182174682617,0.4776182174682615,0.0,0.9583692202575874,0.4776182174682616,0.0,0.0,0.0,0.9583692202575874,0.0,4.415119415854591
2018-10-21 17:23:00,6.0,1.0146046051391322,0.025,0.9438261232151831,3.5073023025695664,18.8,18.8,0.0,0.9583692202575874,18.8,0.8686790466308594,0.8683663159722725,0.0,0.9583692202575874,0.868522681301566,0.4776182174682617,0.4776182174682615,0.0,0.9583692202575874,0.4776182174682616,0.0,0.0,0.0,0.9583692202575874,0.0,4.951212678014952
2018-10-21 17:23:00,1.0,1.0146046051391322,0.0,0.9438261232151831,1.0073023025695662,18.8,18.8,0.0,0.9438261232151831,18.8,0.8689346313476562,0.8689346313476562,0.0,0.9438261232151831,0.8689346313476562,0.4776182174682617,0.4776182174682615,0.0,0.9438261232151831,0.4776182174682616,0.0,0.0,0.0,0.9438261232151831,0.0,4.482574624937058
2018-10-21 17:23:00,0.5,0.3486110483353874,0.0,0.9583692202575874,0.4243055241676937,18.8,18.8,0.0,0.9438261232151831,18.8,0.8689346313476562,0.8689346313476562,0.0,0.9438261232151831,0.8689346313476562,0.4776182174682617,0.4776182174682615,0.0,0.9438261232151831,0.4776182174682616,0.0,0.0,0.0,0.9438261232151831,0.0,4.345643493757517
2018-10-21 17:23:00,1.5,1.0102232235973925,0.0,0.9583692202575874,1.2551116117986962,18.8,18.8,0.0,0.9583692202575874,18.8,0.8689346313476562,0.8689346313476562,0.0,0.9583692202575874,0.8689346313476562,0.4776182174682617,0.4776182174682617,0.0,0.9583692202575874,0.4776182174682617,0.0,0.0,0.0,0.9583692202575874,0.0,4.466267072905857
2018-10-21 17:23:00,0.5,0.3940277338347712,0.0,0.9583692202575874,0.44701386691738554,18.8,18.8,0.0,0.9583692202575874,18.8,0.8689346313476562,0.8683663159722725,0.0,0.9583692202575874,0.8686504736599644,0.4776182174682617,0.4776182174682615,0.0,0.9583692202575874,0.4776182174682616,0.0,0.0,0.0,0.9583692202575874,0.0,4.297567601870731
2018-10-21 17:23:00,6.3,1.1571562565181748,0.0,0.9583692202575874,3.728578128259087,18.8,18.8,0.0,0.9583692202575874,18.8,0.8689346313476562,0.8683663159722725,0.0,0.9583692202575874,0.8686504736599644,0.4776182174682617,0.4776182174682615,0.0,0.9583692202575874,0.4776182174682616,0.0,0.0,0.0,0.9583692202575874,0.0,4.982390150837756
2018-10-21 17:23:00,1.0,6.298907374199998,0.0,0.9583692202575874,3.649453687099999,18.8,18.8,0.0,0.9583692202575874,18.8,0.8691024780273438,0.8683663159722725,0.0,0.9583692202575874,0.8687343969998081,0.4776182174682617,0.4776182174682615,0.0,0.9583692202575874,0.4776182174682616,0.0,0.0,0.0,0.9583692202575874,0.0,4.965895356107599
2018-10-21 17:23:00,0.0,5.441475283789999,0.0,0.9583692202575874,2.7207376418949996,18.8,18.8,0.0,0.9583692202575874,18.8,0.8691940307617188,0.8683663159722725,0.0,0.9583692202575874,0.8687801733669956,0.4776182174682617,0.4776182174682615,0.0,0.9583692202575874,0.4776182174682616,0.0,0.0,0.0,0.9583692202575874,0.0,4.772093166052246
2018-10-21 17:23:00,1.0,0.29807358957903785,0.0,0.9583692202575874,0.6490367947895189,18.8,18.8,0.0,0.9583692202575874,18.8,0.8691940307617188,0.8683663159722725,0.0,0.9583692202575874,0.8687801733669956,0.4776182174682617,0.4776182174682615,0.0,0.9583692202575874,0.4776182174682616,0.0,0.0,0.0,0.9583692202575874,0.0,4.339754396543631
2018-10-21 17:23:00,3.0,1.0770065656939056,0.0,0.9583692202575874,2.038503282846953,18.8,18.8,0.0,0.9583692202575874,18.8,0.8691940307617188,0.8691940307617188,0.0,0.9583692202575874,0.8691940307617188,0.4776182174682617,0.4776182174682615,0.0,0.9583692202575874,0.4776182174682616,0.0,0.0,0.0,0.9583692202575874,0.0,4.629805520071698
2018-10-21 17:23:00,1.5,0.29807358957903785,0.0,0.9583692202575874,0.8990367947895189,19.0,18.8,0.0,0.9583692202575874,18.9,0.8691978454589844,0.8691978454589844,0.0,0.9583692202575874,0.8691978454589844,0.4776182174682617,0.4776182174682615,0.0,0.9583692202575874,0.4776182174682616,0.0,0.0,0.0,0.9583692202575874,0.0,4.4128823027169535
2018-10-21 17:23:00,0.0,6.298907374199998,0.0,0.9583692202575874,3.149453687099999,18.8,18.86,0.0,0.9583692202575874,18.83,0.8693161010742188,0.8693161010742188,0.0,0.9583692202575874,0.8693161010742188,0.4776182174682617,0.4776182174682615,0.0,0.9583692202575874,0.4776182174682616,0.0,0.0,0.0,0.9583692202575874,0.0,4.867933467097971
2018-10-21 17:23:00,1.0,1.2039045959857337,0.0,0.9583692202575874,1.1019522979928669,18.8,18.842,0.0,0.9583692202575874,18.820999999999998,0.8693161010742188,0.8693161010742188,0.0,0.9583692202575874,0.8693161010742188,0.4776182174682617,0.4776182174682615,0.0,0.9583692202575874,0.4776182174682616,0.0,0.0,0.0,0.9583692202575874,0.0,4.438766639608583
2018-10-21 17:23:00,1.0,0.20865151270532648,0.0,0.9583692202575874,0.6043257563526632,18.8,18.8294,0.0,0.9583692202575874,18.8147,0.8693161010742188,0.8693161010742188,0.0,0.9583692202575874,0.8693161010742188,0.4776182174682617,0.4776182174682615,0.0,0.9583692202575874,0.4776182174682616,0.0,0.0,0.0,0.9583692202575874,0.0,4.33360329942853
2018-10-21 17:23:00,4.6,1.0999132520330095,0.0,0.9583692202575874,2.849956626016505,18.8,18.82058,0.0,0.9583692202575874,18.810290000000002,0.8693161010742188,0.8693161010742188,0.0,0.9583692202575874,0.8693161010742188,0.4776182174682617,0.4776182174682615,0.0,0.9583692202575874,0.4776182174682616,0.0,0.0,0.0,0.9583692202575874,0.0,4.801318835839739
2018-10-21 17:23:00,0.5,3.1817899999999995,0.0,0.9583692202575874,1.8408949999999997,18.8,18.8,0.0,0.9583692202575874,18.8,0.8694877624511719,0.8694877624511719,0.0,0.9583692202575874,0.8694877624511719,0.4776182174682617,0.4776182174682617,0.0,0.9583692202575874,0.4776182174682617,0.0,0.0,0.0,0.9583692202575874,0.0,4.58862837310438
2018-10-21 17:23:00,1.0,1.0999132520330095,0.0,0.9583692202575874,1.0499566260165047,18.8,18.8,0.0,0.9583692202575874,18.8,0.8694877624511719,0.8694877624511719,0.0,0.9583692202575874,0.8694877624511719,0.4776182174682617,0.4776182174682617,0.0,0.9583692202575874,0.4776182174682617,0.0,0.0,0.0,0.9583692202575874,0.0,4.423569154326276
2018-10-21 17:23:00,0.0,1.0699392764231066,0.0,0.9583692202575874,0.5349696382115533,18.8,18.8,0.0,0.9583692202575874,18.8,0.8695793151855469,0.8695793151855469,0.0,0.9583692202575874,0.8695793151855469,0.4776182174682617,0.4776182174682617,0.0,0.9583692202575874,0.4776182174682617,0.0,0.0,0.0,0.9583692202575874,0.0,4.316116739497639
2018-10-21 17:23:00,2.0,0.20723924122560997,0.025,0.9438261232151831,1.1036196206128048,18.8,18.804941257999996,0.0,0.9583692202575874,18.802470629,0.8695793151855469,0.8683663159722725,0.0,0.9583692202575874,0.8689728155789097,0.4776182174682617,0.4776182174682615,0.0,0.9583692202575874,0.4776182174682616,0.0,0.0,0.0,0.9583692202575874,0.0,4.448677687760849
2018-10-21 17:23:00,6.1,1.0699392764231066,0.0,0.9438261232151831,3.584969638211553,18.8,18.803458880599997,0.0,0.9438261232151831,18.8017294403,0.8695793151855469,0.8683663159722725,0.0,0.9438261232151831,0.8689728155789097,0.4776182174682617,0.4776182174682615,0.0,0.9438261232151831,0.4776182174682616,0.0,0.0,0.0,0.9438261232151831,0.0,5.029165760047048
2018-10-21 17:23:00,0.5,1.0699392764231066,0.0,0.9583692202575874,0.7849696382115534,18.8,18.802421216419997,0.0,0.9438261232151831,18.80121060821,0.8696937561035156,0.8695118231536269,0.0,0.9438261232151831,0.8696027896285712,0.4776182174682617,0.4776182174682615,0.0,0.9438261232151831,0.4776182174682616,0.0,0.0,0.0,0.9438261232151831,0.0,4.42223155252677
2018-10-21 17:23:00,0.5,4.436473720999999,0.0,0.9583692202575874,2.4682368604999994,18.8,18.801694851494,0.0,0.9583692202575874,18.800847425747,0.8696937561035156,0.8696937561035156,0.0,0.9583692202575874,0.8696937561035156,0.4776182174682617,0.4776182174682615,0.0,0.9583692202575874,0.4776182174682616,0.0,0.0,0.0,0.9583692202575874,0.0,4.719766825094824
2018-10-21 17:23:00,0.5,0.35654722820054885,0.0,0.9583692202575874,0.4282736141002744,18.8,18.801186396045797,0.0,0.9583692202575874,18.8005931980229,0.8696937561035156,0.86960460895807,0.0,0.9583692202575874,0.8696491825307928,0.4776182174682617,0.4776182174682615,0.0,0.9583692202575874,0.4776182174682616,0.0,0.0,0.0,0.9583692202575874,0.0,4.293988950645105
2018-10-21 17:23:00,1.0,3.1817899999999995,0.0,0.9583692202575874,2.0908949999999997,18.8,18.800830477232058,0.0,0.9583692202575874,18.80041523861603,0.8696937561035156,0.8696937561035156,0.0,0.9583692202575874,0.8696937561035156,0.4776182174682617,0.4776182174682615,0.0,0.9583692202575874,0.4776182174682616,0.0,0.0,0.0,0.9583692202575874,0.0,4.640929976071348
2018-10-21 17:23:00,9.7,0.39958305974038416,0.5,0.875895728655482,5.049791529870191,18.8,18.80058133406244,0.0,0.9583692202575874,18.80029066703122,0.8696937561035156,0.8696500740022473,0.0,0.9583692202575874,0.8696719150528814,0.4776182174682617,0.4776182174682615,0.0,0.9583692202575874,0.4776182174682616,0.0,0.0,0.0,0.9583692202575874,0.0,5.350473283341133
2018-10-21 17:23:00,1.0,1.0489574934961745,1.0,0.9999999999978699,1.0244787467480871,18.8,18.800406933843707,0.0,0.875895728655482,18.800203466921854,0.8698616027832031,0.8698616027832031,0.0,0.875895728655482,0.8698616027832031,0.4776182174682617,0.4776182174682615,0.0,0.875895728655482,0.4776182174682616,0.0,0.0,0.0,0.875895728655482,0.0,4.70118180020425
2018-10-21 17:23:00,1.0,5.441475283789999,0.0,0.9999734437495621,3.2207376418949996,18.8,18.800284853690595,0.0,0.999,18.800142426845298,0.8699874877929688,0.8699874877929688,0.0,0.999,0.8699874877929688,0.4776182174682617,0.4776182174682615,0.0,0.999,0.4776182174682616,0.0,0.0,0.0,0.999,0.0,4.6774639691565465
2018-10-21 17:23:00,1.0,1.0239891718131253,0.0,0.9583692202575874,1.0119945859065627,18.8,18.800199397583416,0.0,0.9999734437495621,18.80009969879171,0.8699874877929688,0.8699874877929688,0.0,0.9999734437495621,0.8699874877929688,0.4776182174682617,0.4776182174682615,0.0,0.9999734437495621,0.4776182174682616,0.0,0.0,0.0,0.9999734437495621,0.0,4.267563057910708
2018-10-21 17:23:00,0.5,3.1817899999999995,0.0,0.9583692202575874,1.8408949999999997,18.8,18.80013957830839,0.0,0.9583692202575874,18.800069789154197,0.8699874877929688,0.8699874877929688,0.0,0.9583692202575874,0.8699874877929688,0.4776182174682617,0.4776182174682615,0.0,0.9583692202575874,0.4776182174682616,0.0,0.0,0.0,0.9583692202575874,0.0,4.588747223852914
2018-10-21 17:23:00,4.5,1.0167924202691876,0.05,0.9255446113924198,2.758396210134594,18.8,18.800097704815872,0.0,0.9583692202575874,18.800048852407937,0.8699874877929688,0.8699874877929688,0.0,0.9583692202575874,0.8699874877929688,0.4776182174682617,0.4776182174682615,0.0,0.9583692202575874,0.4776182174682616,0.0,0.0,0.0,0.9583692202575874,0.0,4.813184980205358
2018-10-21 17:23:00,0.5,0.4297081418182689,0.0,0.9255446113924198,0.4648540709091344,18.9,18.80006839337111,0.0,0.9255446113924198,18.850034196685552,0.8701095581054688,0.8701095581054688,0.0,0.9255446113924198,0.8701095581054688,0.4776182174682617,0.4776182174682615,0.0,0.9255446113924198,0.4776182174682616,0.0,0.0,0.0,0.9255446113924198,0.0,4.464963825370425
2018-10-21 17:23:00,1.5,5.441475283789999,0.025,0.9438261232151831,3.4707376418949996,18.9,18.830047875359774,0.0,0.9255446113924198,18.865023937679887,0.8701133728027344,0.8701133728027344,0.0,0.9255446113924198,0.8701133728027344,0.4776182174682617,0.4776182174682615,0.0,0.9255446113924198,0.4776182174682616,0.0,0.0,0.0,0.9255446113924198,0.0,5.097604365042666
2018-10-21 17:23:00,1.5,2.1283760346505,0.025,0.9147816459824687,1.81418801732525,18.9,18.85103351275184,0.0,0.9342076514168907,18.87551675637592,0.8701133728027344,0.8700197367339856,0.0,0.9342076514168907,0.8700665547683599,0.4776182174682617,0.4776182174682615,0.0,0.9342076514168907,0.4776182174682616,0.0,0.0,0.0,0.9342076514168907,0.0,4.737580940483729
2018-10-21 17:23:00,1.0,1.263228285931902,0.025,0.9147816459824687,1.131614142965951,18.9,18.865723458926286,0.0,0.9147816459824687,18.88286172946314,0.8701133728027344,0.8700478275546102,0.0,0.9147816459824687,0.8700806001786724,0.4776182174682617,0.4776182174682615,0.0,0.9147816459824687,0.4776182174682616,0.0,0.0,0.0,0.9147816459824687,0.0,4.6704423473938865
2018-10-21 17:23:00,5.1,1.1842598001523312,0.075,0.863600937674992,3.1421299000761658,18.9,18.8760064212484,0.0,0.9147816459824687,18.888003210624195,0.8701133728027344,0.8700674911290474,0.0,0.9147816459824687,0.8700904319658909,0.4776182174682617,0.4776182174682615,0.0,0.9147816459824687,0.4776182174682616,0.0,0.0,0.0,0.9147816459824687,0.0,5.168969752977514
2018-10-21 17:23:00,1.0,6.239235161939998,0.0,0.8913466926487323,3.619617580969999,18.9,18.883204494873876,0.0,0.863600937674992,18.891602247436936,0.8702850341796875,0.8700812556311535,0.0,0.863600937674992,0.8701831449054205,0.4776182174682617,0.4776182174682615,0.0,0.863600937674992,0.47761821746826166,0.0,0.0,0.0,0.863600937674992,0.0,5.490195882577096
2018-10-21 17:23:00,1.5,0.4507956992727882,0.05,0.9147816459824687,0.9753978496363941,18.9,18.88824314641171,0.0,0.8913466926487323,18.894121573205858,0.8705215454101562,0.8701423891957136,0.0,0.8913466926487323,0.8703319673029349,0.4776182174682617,0.4776182174682615,0.0,0.8913466926487323,0.4776182174682616,0.0,0.0,0.0,0.8913466926487323,0.0,4.735864287848006
2018-10-21 17:23:00,0.5,1.240287302074642,0.05,0.8636009399081974,0.870143651037321,18.9,18.891770202488196,0.0,0.9147816459824687,18.895885101244097,0.8705215454101562,0.8702561360600463,0.0,0.9147816459824687,0.8703888407351013,0.4776182174682617,0.4776182174682615,0.0,0.9147816459824687,0.4776182174682616,0.0,0.0,0.0,0.9147816459824687,0.0,4.668429769248404
2018-10-21 17:23:00,0.5,0.4655569894909517,0.05,0.8636009399081974,0.48277849474547585,18.9,18.894239141741735,0.0,0.8636009399081974,18.897119570870867,0.8705215454101562,0.8703357588650791,0.0,0.8636009399081974,0.8704286521376177,0.4776182174682617,0.4776182174682615,0.0,0.8636009399081974,0.4776182174682616,0.0,0.0,0.0,0.8636009399081974,0.0,4.800352565022832
2018-10-21 17:23:00,5.0,1.240287302074642,0.1,0.794598444803323,3.120143651037321,18.9,18.895967399219213,0.0,0.8636009399081974,18.897983699609604,0.8707656860351562,0.8703914948286022,0.0,0.8636009399081974,0.8705785904318792,0.4776182174682617,0.4776182174682615,0.0,0.8636009399081974,0.4776182174682616,0.0,0.0,0.0,0.8636009399081974,0.0,5.499249714239211
2018-10-21 17:23:00,1.0,5.237322889057099,0.075,0.7534545258371554,3.118661444528549,18.9,18.897177179453447,0.0,0.794598444803323,18.89858858972672,0.8709030151367188,0.8705037521905683,0.0,0.794598444803323,0.8707033836636435,0.4776182174682617,0.4776182174682615,0.0,0.794598444803323,0.4776182174682616,0.0,0.0,0.0,0.794598444803323,0.0,5.942643210668675
2018-10-21 17:23:00,0.5,1.1682011114522495,0.075,0.7945984389928679,0.8341005557261247,18.9,18.89802402561741,0.0,0.7534545258371554,18.899012012808704,0.8709030151367188,0.8706235310744133,0.0,0.7534545258371554,0.8707632731055661,0.4776182174682617,0.4776182174682615,0.0,0.7534545258371554,0.47761821746826166,0.0,0.0,0.0,0.7534545258371554,0.0,5.535501126183886
2018-10-21 17:23:00,0.5,0.4831229248505663,0.075,0.7945984389928679,0.49156146242528315,18.9,18.898616817932187,0.0,0.7945984389928679,18.899308408966093,0.8709030151367188,0.8707073762931048,0.0,0.7945984389928679,0.8708051957149118,0.4776182174682617,0.4776182174682615,0.0,0.7945984389928679,0.47761821746826155,0.0,0.0,0.0,0.7945984389928679,0.0,5.220068972413549
2018-10-21 17:23:00,0.5,0.4881860473953964,0.1,0.7534545258371554,0.49409302369769814,18.9,18.89903177255253,0.0,0.7945984389928679,18.899515886276266,0.8709030151367188,0.8707660679461888,0.0,0.7945984389928679,0.8708345415414538,0.4776182174682617,0.4776182174682615,0.0,0.7945984389928679,0.47761821746826155,0.0,0.0,0.0,0.7945984389928679,0.0,5.275397264169729
2018-10-21 17:23:00,6.1,0.49173023317677744,0.15,0.6080193001275199,3.2958651165883883,18.9,18.89932224078677,0.0,0.7534545258371554,18.899661120393382,0.8709030151367188,0.8708071521033478,0.0,0.7534545258371554,0.8708550836200333,0.4776182174682617,0.4776182174682615,0.0,0.7534545258371554,0.47761821746826166,0.0,0.0,0.0,0.7534545258371554,0.0,6.500567782383926
2018-10-21 17:23:00,0.5,0.49173023317677744,0.075,0.6595519149094062,0.49586511658838867,18.9,18.899525568550736,0.0,0.6080193001275199,18.899762784275367,0.8710861206054688,0.870835911013359,0.0,0.6080193001275199,0.8709610158094139,0.4776182174682617,0.4776182174682615,0.0,0.6080193001275199,0.4776182174682616,0.0,0.0,0.0,0.6080193001275199,0.0,6.709798090165406
2018-10-21 17:23:00,0.5,0.49421116322374414,0.025,0.863600937674992,0.49710558161187207,18.9,18.9,0.0,0.6595519149094062,18.9,0.8711738586425781,0.8711738586425781,0.0,0.6595519149094062,0.871173858642578,0.4776182174682617,0.4776182174682617,0.0,0.6595519149094062,0.4776182174682617,0.0,0.0,0.0,0.6595519149094062,0.0,5.924337975994368
2018-10-21 17:23:00,2.5,0.4959478142566208,0.0,0.9342076514168907,1.4979739071283105,18.8,18.8,0.0,0.863600937674992,18.800000000000004,0.8711738586425781,0.8711738586425781,0.0,0.863600937674992,0.8711738586425781,0.4776182174682617,0.4776182174682615,0.0,0.863600937674992,0.47761821746826166,0.0,0.0,0.0,0.863600937674992,0.0,4.932486383460104
2018-10-21 17:23:00,1.0,0.4959478142566208,0.0,0.9500112096612613,0.7479739071283104,18.8,18.8,0.0,0.9342076514168907,18.8,0.8711738586425781,0.8711738586425781,0.0,0.9342076514168907,0.8711738586425781,0.4776182174682617,0.4776182174682617,0.0,0.9342076514168907,0.4776182174682617,0.0,0.0,0.0,0.9342076514168907,0.0,4.458602787679758
2018-10-21 17:23:00,3.6,2.23986322425535,0.05,0.9147816459824687,2.919931612127675,18.8,18.84888608900903,0.0,0.9500112096612613,18.824443044504516,0.8711738586425781,0.8710836891727839,0.0,0.9500112096612613,0.871128773907681,0.4776182174682617,0.4776182174682615,0.0,0.9500112096612613,0.4776182174682616,0.0,0.0,0.0,0.9500112096612613,0.0,4.897979114035745
2018-10-21 17:23:00,0.5,3.3072529999999993,0.0,0.9147816459824687,1.9036264999999997,18.9,18.83422026230632,0.0,0.9147816459824687,18.867110131153158,0.8712921142578125,0.8711107400137221,0.0,0.9147816459824687,0.8712014271357673,0.4776182174682617,0.4776182174682615,0.0,0.9147816459824687,0.4776182174682616,0.0,0.0,0.0,0.9147816459824687,0.0,4.836029750465958
2018-10-21 17:23:00,1.5,0.49716346997963456,0.0,0.9500112096612613,0.9985817349898173,18.9,18.853954183614423,0.0,0.9147816459824687,18.876977091807213,0.8712921142578125,0.8711651522869492,0.0,0.9147816459824687,0.8712286332723809,0.4776182174682617,0.4776182174682615,0.0,0.9147816459824687,0.4776182174682616,0.0,0.0,0.0,0.9147816459824687,0.0,4.604853798697351
2018-10-21 17:23:00,0.5,1.232418544611602,0.0,0.9583692202575874,0.866209272305801,18.9,18.867767928530096,0.0,0.9583692202575874,18.883883964265046,0.8712921142578125,0.8712032408782082,0.0,0.9583692202575874,0.8712476775680104,0.4776182174682617,0.4776182174682615,0.0,0.9583692202575874,0.4776182174682616,0.0,0.0,0.0,0.9583692202575874,0.0,4.4030961524278105
2018-10-21 17:23:00,2.0,0.4980144289857442,0.025,0.9438261232151831,1.249007214492872,18.9,18.877437549971066,0.0,0.9583692202575874,18.888718774985534,0.8712921142578125,0.8712299028920893,0.0,0.9583692202575874,0.8712610085749509,0.4776182174682617,0.4776182174682615,0.0,0.9583692202575874,0.4776182174682616,0.0,0.0,0.0,0.9583692202575874,0.0,4.497643376697423
2018-10-21 17:23:00,6.1,0.4980144289857442,0.125,0.8067641612371601,3.2990072144928724,18.9,18.884206284979744,0.0,0.9438261232151831,18.89210314248987,0.8712921142578125,0.8712485663018061,0.0,0.9438261232151831,0.8712703402798094,0.4776182174682617,0.4776182174682615,0.0,0.9438261232151831,0.4776182174682616,0.0,0.0,0.0,0.9438261232151831,0.0,5.137417330855186
2018-10-21 17:23:00,1.0,1.232418544611602,0.15,0.5573835756770732,1.116209272305801,18.9,18.88894439948582,0.0,0.8067641612371601,18.894472199742907,0.8715705871582031,0.8712616306886081,0.0,0.8067641612371601,0.8714161089234057,0.4776182174682617,0.4776182174682615,0.0,0.8067641612371601,0.4776182174682616,0.0,0.0,0.0,0.8067641612371601,0.0,5.644088571415932
2018-10-21 17:24:00,2.0,1.1626929812281215,0.0,0.8067641523912721,1.5813464906140609,18.9,18.892261079640072,0.0,0.5573835756770732,18.896130539820035,0.8715705871582031,0.8713543176294865,0.0,0.5573835756770732,0.8714624523938448,0.4776182174682617,0.4776182174682615,0.0,0.5573835756770732,0.4776182174682616,0.0,0.0,0.0,0.5573835756770732,0.0,7.18854158214841
2018-10-21 17:24:00,0.0,2.1175329798851212,0.0,0.9583692202575874,1.0587664899425606,18.9,18.894582755748047,0.0,0.8067641523912721,18.897291377874023,0.8715705871582031,0.8714191984881015,0.0,0.8067641523912721,0.8714948928231522,0.4776182174682617,0.4776182174682615,0.0,0.8067641523912721,0.4776182174682616,0.0,0.0,0.0,0.8067641523912721,0.0,5.090323385090456
2018-10-21 17:24:00,1.0,2.1175329798851212,0.0,0.9583692202575874,1.5587664899425608,18.9,18.896207929023632,0.0,0.9583692202575874,18.898103964511815,0.8715705871582031,0.8714646150891319,0.0,0.9583692202575874,0.8715176011236675,0.4776182174682617,0.4776182174682615,0.0,0.9583692202575874,0.4776182174682616,0.0,0.0,0.0,0.9583692202575874,0.0,4.550648291309972
2018-10-21 17:24:00,6.1,0.34861010029002093,0.125,0.843841609434826,3.22430505014501,18.9,18.89734555031654,0.0,0.9583692202575874,18.89867277515827,0.8715705871582031,0.8714964067098532,0.0,0.9583692202575874,0.8715334969340282,0.4776182174682617,0.4776182174682615,0.0,0.9583692202575874,0.4776182174682616,0.0,0.0,0.0,0.9583692202575874,0.0,5.018287633727329
2018-10-21 17:24:00,1.0,6.147757660545419,0.0,0.843841609434826,3.573878830272709,18.9,18.898141885221577,0.0,0.843841609434826,18.899070942610788,0.8716926574707031,0.8715186608443581,0.0,0.843841609434826,0.8716056591575305,0.4776182174682617,0.4776182174682615,0.0,0.843841609434826,0.4776182174682616,0.0,0.0,0.0,0.843841609434826,0.0,5.646124434528538
2018-10-21 17:24:00,1.0,1.0797195608017796,0.0,0.9583692202575874,1.0398597804008898,18.9,18.8986993196551,0.0,0.843841609434826,18.89934965982755,0.8717041015625,0.8715708598322616,0.0,0.843841609434826,0.8716374806973809,0.4776182174682617,0.4776182174682615,0.0,0.843841609434826,0.4776182174682616,0.0,0.0,0.0,0.843841609434826,0.0,4.912266649007818
2018-10-21 17:24:00,1.5,6.147757660545419,0.0,0.9583692202575874,3.8238788302727094,18.9,18.89908952375857,0.0,0.9583692202575874,18.899544761879284,0.8717041015625,0.871610832351333,0.0,0.9583692202575874,0.8716574669569165,0.4776182174682617,0.4776182174682615,0.0,0.9583692202575874,0.4776182174682616,0.0,0.0,0.0,0.9583692202575874,0.0,5.023679552251686
2018-10-21 17:24:00,1.5,1.189062584792872,0.0,0.9583692202575874,1.344531292396436,18.9,18.899362666630996,0.0,0.9583692202575874,18.899681333315495,0.8717041015625,0.8717041015625,0.0,0.9583692202575874,0.8717041015625,0.4776182174682617,0.4776182174682615,0.0,0.9583692202575874,0.4776182174682616,0.0,0.0,0.0,0.9583692202575874,0.0,4.506308109298179
2018-10-21 17:24:00,3.6,1.2823438093550101,0.075,0.9030367084616395,2.441171904677505,19.0,18.899553866641696,0.0,0.9583692202575874,18.949776933320848,0.8717613220214844,0.8717613220214844,0.0,0.9583692202575874,0.8717613220214843,0.4776182174682617,0.4776182174682615,0.0,0.9583692202575874,0.4776182174682616,0.0,0.0,0.0,0.9583692202575874,0.0,4.801068960920493
2018-10-21 17:24:00,1.0,1.2823438093550101,0.0,0.9030367084616395,1.141171904677505,18.9,18.929687706649187,0.0,0.9030367084616395,18.91484385332459,0.8719749450683594,0.8719749450683594,0.0,0.9030367084616395,0.8719749450683594,0.4776182174682617,0.4776182174682615,0.0,0.9030367084616395,0.4776182174682616,0.0,0.0,0.0,0.9030367084616395,0.0,4.740805931799619
2018-10-21 17:24:00,1.0,1.197640666548507,0.0,0.9583692202575874,1.0988203332742537,18.9,18.92078139465443,0.0,0.9030367084616395,18.910390697327216,0.8721656799316406,0.8717749769730432,0.0,0.9030367084616395,0.8719703284523419,0.4776182174682617,0.4776182174682615,0.0,0.9030367084616395,0.4776182174682616,0.0,0.0,0.0,0.9030367084616395,0.0,4.673170233663812
2018-10-21 17:24:00,0.5,1.138348466583955,0.0,0.9583692202575874,0.8191742332919775,18.9,18.914546976258098,0.0,0.9583692202575874,18.90727348812905,0.8721656799316406,0.8718921878606224,0.0,0.9583692202575874,0.8720289338961316,0.4776182174682617,0.4776182174682615,0.0,0.9583692202575874,0.4776182174682616,0.0,0.0,0.0,0.9583692202575874,0.0,4.398324659700706
2018-10-21 17:24:00,9.0,1.138348466583955,0.3,0.5000000274576715,5.069174233291977,18.9,18.910182883380667,0.0,0.9583692202575874,18.905091441690335,0.8721656799316406,0.8719742354819278,0.0,0.9583692202575874,0.8720699577067843,0.4776182174682617,0.4776182174682615,0.0,0.9583692202575874,0.4776182174682616,0.0,0.0,0.0,0.9583692202575874,0.0,5.843795729141904
2018-10-21 17:24:00,0.0,1.138348466583955,0.975,0.999999990948645,0.5691742332919775,18.9,18.907128018366464,0.0,0.5000000274576715,18.90356400918323,0.8722991943359375,0.8720316688168416,0.0,0.5000000274576715,0.8721654315763896,0.4776182174682617,0.4776182174682615,0.0,0.5000000274576715,0.4776182174682616,0.0,0.0,0.0,0.5000000274576715,0.0,6.940840397342202
2018-10-21 17:24:00,1.0,9.0,0.0,0.9999513346978004,5.000000000000001,18.9,18.90498961285652,0.0,0.999,18.902494806428262,0.8722991943359375,0.8721119264725703,0.0,0.999,0.8722055604042539,0.4776182174682617,0.4776182174682615,0.0,0.999,0.4776182174682616,0.0,0.0,0.0,0.999,0.0,5.054556558411364
