timestamp,mem,prediction,anomalyScore,anomalyLikelihood,sumOfUtilityFitness,sumOfUtilityFitnessPredicted,sumOfscore,sumOfWeaight,Uprev,diffChange
10/22/18 14:22,45.13039021212433,45.13039021212433,1.0,0.5,22.565195106062166,22.565195106062166,1.0,0.5,22.565195106062166,22.565195106062166
10/22/18 14:22,45.13039021212433,45.13039021212433,1.0,0.5,45.13039021212433,45.13039021212433,2.0,1.0,22.565195106062166,0.0
10/22/18 14:22,45.13392125786314,45.130390212124325,1.0,0.5,67.69735084105591,67.69558531818649,3.0,1.5,22.56696062893157,0.0017655228694053449
10/22/18 14:22,45.13392125786314,45.131449525845966,0.0,0.5,90.26431146998748,90.26131008110947,3.0,2.0,22.56696062893157,0.0
10/22/18 14:22,45.13872740345207,45.132191045451115,0.0,0.5,112.83367517171351,112.82740560383503,3.0,2.5,22.569363701726036,0.0024030727944648334
10/22/18 14:22,45.13872740345207,45.1341519528514,0.0,0.5,135.40303887343956,135.39448158026073,3.0,3.0,22.569363701726036,0.0
10/22/18 14:22,45.13872740345207,45.1355245880316,0.0,0.5,157.9724025751656,157.96224387427654,3.0,3.5,22.569363701726036,0.0
10/22/18 14:22,45.13127297355903,45.13648543265774,0.0,0.5,180.5380390619451,180.53048659060542,3.0,4.0,22.565636486779514,-0.0037272149465223947
10/22/18 14:22,45.21754813770034,45.134921694928124,0.0,0.5,203.1468131307953,203.09794743806947,3.0,4.5,22.60877406885017,0.04313758207065632
10/22/18 14:23,45.21715579928492,45.15970962775979,0.0,0.5,225.75539103043775,225.67780225194937,3.0,5.0,22.60857789964246,-0.00019616920771170498
10/22/18 14:23,45.21715579928492,45.17694347921732,0.0,0.5,248.3639689300802,248.26627399155802,3.0,5.5,22.60857789964246,0.0
10/22/18 14:23,45.21715579928492,45.1890071752376,0.0,0.5,270.97254682972266,270.86077757917684,3.0,6.0,22.60857789964246,0.0
10/22/18 14:23,45.215292191811656,45.19745176245179,0.0,0.5,293.58019292562847,293.45950346040274,3.0,6.5,22.607646095905828,-0.0009318037366305987
10/22/18 14:23,45.215292191811656,45.20280389125975,0.0,0.5,316.1878390215343,316.0609054060326,3.0,7.0,22.607646095905828,0.0
10/22/18 14:23,45.2185289837389,45.2185289837389,0.0,0.5,338.7971035134037,338.67016989790204,3.0,7.5,22.60926449186945,0.0016183959636215661
10/22/18 14:23,45.22032996951376,45.22032996951376,0.0,0.5,361.4072684981606,361.2803348826589,3.0,8.0,22.61016498475688,0.0009004928874318807
10/22/18 14:23,45.22032996951376,45.22032996951376,0.0,0.5,384.01743348291745,383.89049986741577,3.0,8.5,22.61016498475688,0.0
10/22/18 14:23,45.219839546494484,45.219839546494484,0.0,0.5,406.6273532561647,406.50041964066304,3.0,9.0,22.609919773247242,-0.00024521150963963123
10/22/18 14:23,45.219839546494484,45.219839546494484,0.0,0.5,429.237273029412,429.1103394139103,3.0,9.5,22.609919773247242,0.0
10/22/18 14:23,45.22288016921401,45.22288016921401,0.0,0.5,451.848713114019,451.7217794985173,3.0,10.0,22.611440084607004,0.001520311359762161
10/22/18 14:23,45.22288016921401,45.22091994840595,0.0,0.5,474.460153198626,474.3322394727203,3.0,10.5,22.611440084607004,0.0
10/22/18 14:23,45.22288016921401,45.22288016921401,0.0,0.5,497.071593283233,496.9436795573273,3.0,11.0,22.611440084607004,0.0
10/22/18 14:23,45.22173502585929,45.22173502585929,0.0,0.5,519.6824607961627,519.554547070257,3.0,11.5,22.610867512929644,-0.0005725716773596901
10/22/18 14:23,45.22173502585929,45.22173502585929,0.0,0.5,542.2933283090923,542.1654145831866,3.0,12.0,22.610867512929644,0.0
10/22/18 14:23,45.22153885665158,45.22153885665158,0.0,0.5,564.904097737418,564.7761840115123,3.0,12.5,22.61076942832579,-9.808460385585249e-05
10/22/18 14:23,45.22153885665158,45.22153885665158,0.0,0.5,587.5148671657438,587.3869534398381,3.0,13.0,22.61076942832579,0.0
10/22/18 14:23,45.22153885665158,45.22153885665158,0.0,0.5,610.1256365940695,609.9977228681638,3.0,13.5,22.61076942832579,0.0
10/22/18 14:23,45.22163694125543,45.22163717432095,0.0,0.5,632.7364550646972,632.6085414553243,3.0,14.0,22.610818470627716,4.9042301927926246e-05
10/22/18 14:23,45.22163694125543,45.221637104401296,0.0,0.5,655.3472735353249,655.2193600075249,3.0,14.5,22.610818470627716,0.0
10/22/18 14:23,45.221146518236154,45.221637055457535,0.0,0.5,677.957846794443,677.8301785352536,3.0,15.0,22.610573259118077,-0.00024521150963963123
10/22/18 14:23,45.22322559740272,45.22148989429112,0.0,0.5,700.5694595931443,700.4409234823992,3.0,15.5,22.61161279870136,0.0010395395832816234
10/22/18 14:23,45.22381410502585,45.2220106052246,0.0,0.5,723.1813666456572,723.0519287850115,3.0,16.0,22.611907052512926,0.0002942538115675575
10/22/18 14:23,45.22381410502585,45.22255165516497,0.0,0.5,745.7932736981702,745.663204612594,3.0,16.5,22.611907052512926,0.0
10/22/18 14:23,45.22381410502585,45.22381410502585,0.0,0.5,768.4051807506831,768.2751116651069,3.0,17.0,22.611907052512926,0.0
10/22/18 14:23,45.22106773611789,45.22106773611789,0.0,0.5,791.0157146187421,790.8856455331659,3.0,17.5,22.610533868058944,-0.001373184453981935
10/22/18 14:23,45.22106773611789,45.22106773611789,0.0,0.5,813.626248486801,813.4961794012248,3.0,18.0,22.610533868058944,0.0
10/22/18 14:23,45.22106773611789,45.22106773611789,0.0,0.5,836.23678235486,836.1067132692838,3.0,18.5,22.610533868058944,0.0
10/22/18 14:23,45.2176509354028,45.2176509354028,0.0,0.5,858.8456078225614,858.7155387369852,3.0,19.0,22.6088254677014,-0.0017084003575433826
10/22/18 14:23,45.2176509354028,45.2176509354028,0.0,0.5,881.4544332902628,881.3243642046866,3.0,19.5,22.6088254677014,0.0
10/22/18 14:24,45.21961262747992,45.213972518493925,0.0,0.5,904.0642396040028,903.9313504639335,3.0,20.0,22.60980631373996,0.000980846038558525
10/22/18 14:24,45.21961262747992,45.21961262747992,0.0,0.5,926.6740459177427,926.5411567776735,3.0,20.5,22.60980631373996,0.0
10/22/18 14:24,45.21961262747992,45.2206832447603,0.0,0.5,949.2838522314826,949.1514984000536,3.0,21.0,22.60980631373996,0.0
10/22/18 14:24,45.21990688129148,45.22036205957618,0.0,0.5,971.8938056721283,971.7616794298417,3.0,21.5,22.60995344064574,0.00014712690578022602
10/22/18 14:24,45.21990688129148,45.22022550609077,0.0,0.5,994.5037591127741,994.3717921828871,3.0,22.0,22.60995344064574,0.0
10/22/18 14:24,45.22333984242644,45.22012991865098,0.0,0.5,1017.1154290339873,1016.9818571422127,3.0,22.5,22.61166992121322,0.0017164805674809713
10/22/18 14:24,45.22923277382212,45.22109289578361,0.0,0.5,1039.7300454208985,1039.5924035901044,3.0,23.0,22.61461638691106,0.0029464656978390735
10/22/18 14:24,45.22952702763369,45.22353485919516,0.0,0.5,1062.3448089347153,1062.204171019702,3.0,23.5,22.614763513816843,0.00014712690578377874
10/22/18 14:24,45.22952702763369,45.22533250972672,0.0,0.5,1084.959572448532,1084.8168372745654,3.0,24.0,22.614763513816843,0.0
10/22/18 14:24,45.22952702763369,45.22659086509881,0.0,0.5,1107.5743359623489,1107.4301327071148,3.0,24.5,22.614763513816843,0.0
10/22/18 14:24,45.23227339654165,45.23227339654165,0.0,0.5,1130.1904726606197,1130.0462694053856,3.0,25.0,22.616136698270825,0.001373184453981935
10/22/18 14:24,45.23227339654165,45.23227339654165,0.0,0.5,1152.8066093588905,1152.6624061036564,3.0,25.5,22.616136698270825,0.0
10/22/18 14:24,45.23227339654165,45.23227339654165,0.0,0.5,1175.4227460571612,1175.2785428019272,3.0,26.0,22.616136698270825,0.0
10/22/18 14:24,45.22609990282504,45.22609990282504,0.0,0.5,1198.0357960085737,1197.8915927533396,3.0,26.5,22.61304995141252,-0.0030867468583046787
10/22/18 14:24,45.22609990282504,45.22609990282504,0.0,0.5,1220.6488459599861,1220.504642704752,3.0,27.0,22.61304995141252,0.0
10/22/18 14:24,45.22737500267517,45.22831789593774,0.0,0.5,1243.2625334613238,1243.118801652721,3.0,27.5,22.613687501337584,0.0006375499250630412
10/22/18 14:24,45.22737500267517,45.22803502795897,0.0,0.5,1265.8762209626614,1265.7328191667004,3.0,28.0,22.613687501337584,0.0
10/22/18 14:24,45.22737500267517,45.227837020373826,0.0,0.5,1288.489908463999,1288.3467376768874,3.0,28.5,22.613687501337584,0.0
10/22/18 14:24,45.230906048413985,45.227698415064225,0.0,0.5,1311.105361488206,1310.9605868844196,3.0,29.0,22.615453024206992,0.0017655228694088976
10/22/18 14:24,45.230906048413985,45.22866070506915,0.0,0.5,1333.720814512413,1333.5749172369542,3.0,29.5,22.615453024206992,0.0
10/22/18 14:24,45.237968139891606,45.2293343080726,0.0,0.5,1356.3397985823588,1356.1895843909906,3.0,30.0,22.618984069945803,0.0035310457388106897
10/22/18 14:24,45.23954400244461,45.2319244576183,0.0,0.5,1378.9595705835811,1378.8055466197998,3.0,30.5,22.619772001222305,0.0007879312765020074
10/22/18 14:24,45.23640529512122,45.234210321066186,0.0,0.5,1401.5777732311417,1401.422651780333,3.0,31.0,22.61820264756061,-0.0015693536616936399
10/22/18 14:24,45.23640529512122,45.234868813282695,0.0,0.5,1424.1959758787023,1424.0400861869743,3.0,31.5,22.61820264756061,0.0
10/22/18 14:24,45.23640529512122,45.23532975783425,0.0,0.5,1446.8141785262628,1446.6577510658915,3.0,32.0,22.61820264756061,0.0
10/22/18 14:24,45.23866124100991,45.23565241902034,0.0,0.5,1469.4335091467678,1469.2755772754017,3.0,32.5,22.619330620504954,0.0011279729443423037
10/22/18 14:24,45.23866124100991,45.23655506561721,0.0,0.5,1492.0528397672729,1491.8938548082103,3.0,33.0,22.619330620504954,0.0
10/22/18 14:24,45.23866124100991,45.23718691823502,0.0,0.5,1514.672170387778,1514.512448267328,3.0,33.5,22.619330620504954,0.0
10/22/18 14:24,45.22748969664707,45.237629215067486,0.0,0.5,1537.2859152361013,1537.1312628748617,3.0,34.0,22.613744848323535,-0.005585772181419202
10/22/18 14:25,45.22748969664707,45.22748969664707,0.0,0.5,1559.8996600844248,1559.7450077231852,3.0,34.5,22.613744848323535,0.0
10/22/18 14:25,45.22699927362779,45.22699927362779,0.0,0.5,1582.5131597212387,1582.358507359999,3.0,35.0,22.613499636813895,-0.00024521150963963123
10/22/18 14:25,45.22699927362779,45.22699927362779,0.0,0.5,1605.1266593580526,1604.972006996813,3.0,35.5,22.613499636813895,0.0
10/22/18 14:25,45.23651348020181,45.229674079279974,0.0,0.5,1627.7449160981535,1627.586844036453,3.0,36.0,22.618256740100904,0.004757103287008846
10/22/18 14:25,45.23651348020181,45.23172589955652,0.0,0.5,1650.3631728382543,1650.202706986231,3.0,36.5,22.618256740100904,0.0
10/22/18 14:25,45.23651348020181,45.23651348020181,0.0,0.5,1672.9814295783551,1672.820963726332,3.0,37.0,22.618256740100904,0.0
10/22/18 14:25,45.237463576433505,45.237463576433505,0.0,0.5,1695.600161366572,1695.4396955145487,3.0,37.5,22.618731788216753,0.00047504811584886397
10/22/18 14:25,45.237463576433505,45.237463576433505,0.0,0.5,1718.2188931547887,1718.0584273027655,3.0,38.0,22.618731788216753,0.0
10/22/18 14:25,45.23707123801808,45.235848531167036,0.0,0.5,1740.8374287737977,1740.676351568349,3.0,38.5,22.61853561900904,-0.00019616920771170498
10/22/18 14:25,45.23707123801808,45.23621534322235,0.0,0.5,1763.4559643928067,1763.2944592399601,3.0,39.0,22.61853561900904,0.0
10/22/18 14:25,45.23707123801808,45.236472111661065,0.0,0.5,1786.0745000118156,1785.9126952957906,3.0,39.5,22.61853561900904,0.0
10/22/18 14:25,45.24011186073762,45.23665184956817,0.0,0.5,1808.6945559421845,1808.5310212205748,3.0,40.0,22.62005593036881,0.0015203113597692663
10/22/18 14:25,45.24011186073762,45.237689852919004,0.0,0.5,1831.3146118725533,1831.1498661470343,3.0,40.5,22.62005593036881,0.0
10/22/18 14:25,45.23883676088749,45.238416455264584,0.0,0.5,1853.934030252997,1853.7690743746666,3.0,41.0,22.619418380443744,-0.0006375499250665939
10/22/18 14:25,45.23776411494806,45.23854254695145,0.0,0.5,1876.5529123104711,1876.3883456481424,3.0,41.5,22.61888205747403,-0.000536322969715286
10/22/18 14:25,45.238254537967336,45.23830901735043,0.0,0.5,1899.1720395794548,1899.0075001568175,3.0,42.0,22.619127268983668,0.00024521150963963123
10/22/18 14:25,45.238254537967336,45.2382926735355,0.0,0.5,1921.7911668484385,1921.6266464935852,3.0,42.5,22.619127268983668,0.0
10/22/18 14:25,45.238254537967336,45.23828123286505,0.0,0.5,1944.4102941174222,1944.2457871100178,3.0,43.0,22.619127268983668,0.0
10/22/18 14:25,45.24149132989457,45.23827322439573,0.0,0.5,1967.0310397823694,1966.8649237222157,3.0,43.5,22.620745664947286,0.0016183959636180134
10/22/18 14:25,45.24149132989457,45.23923865604539,0.0,0.5,1989.6517854473166,1989.4845430502385,3.0,44.0,22.620745664947286,0.0
10/22/18 14:25,45.24149132989457,45.23991445820014,0.0,0.5,2012.2725311122638,2012.1045002793385,3.0,44.5,22.620745664947286,0.0
10/22/18 14:25,45.24413759421765,45.24038751970846,0.0,0.637253391886308,2041.1045112571499,2040.9340906765237,3.0,45.13725339188631,28.83198014488602,6.211234479938735
10/22/18 14:25,45.24413759421765,45.241512542061216,0.0,0.637253391886308,2069.9364914020357,2069.7643979980194,3.0,45.77450678377262,28.83198014488602,0.0
10/22/18 14:25,45.24708013233332,45.24708013233332,0.0,0.637253391886308,2098.7703466893167,2098.5982532853004,3.0,46.411760175658934,28.83385528728099,0.0018751423949687762
10/22/18 14:25,45.24708013233332,45.24708013233332,0.0,0.637253391886308,2127.604201976598,2127.4321085725815,3.0,47.049013567545245,28.83385528728099,0.0
10/22/18 14:25,45.24708013233332,45.24708013233332,0.0,0.637253391886308,2156.438057263879,2156.2659638598625,3.0,47.686266959431556,28.83385528728099,0.0
10/22/18 14:25,45.24345100199065,45.24544056673688,0.0,0.637253391886308,2185.2695998755394,2185.098774328406,3.0,48.32352035131787,28.831542611660524,-0.002312675620466109
10/22/18 14:25,45.24345100199065,45.24484369731301,0.0,0.637253391886308,2214.1011424872,2213.9312044398844,3.0,48.96077374320418,28.831542611660524,0.0
10/22/18 14:25,45.24325483278294,45.24442588871629,0.0,0.637253391886308,2242.9325600893676,2242.7633683014174,3.0,49.59802713509049,28.831417602167527,-0.00012500949299720787
10/22/18 14:25,45.2425662205749,45.24407457193628,0.0,0.637253391886308,2271.76353887107,2271.5953082851406,3.0,50.2352805269768,28.83097878170226,-0.0004388204652663319
10/22/18 14:26,45.24050644389393,45.24362206652786,0.0,0.637253391886308,2300.593205053096,2300.4269599082577,3.0,50.87253391886311,28.829666182025782,-0.001312599676477788
10/22/18 14:26,45.24050644389393,45.24050644389393,0.0,0.637253391886308,2329.422871235122,2329.2566260902836,3.0,51.509787310749424,28.829666182025782,0.0
10/22/18 14:26,45.24050644389393,45.24050644389393,0.0,0.637253391886308,2358.252537417148,2358.0862922723095,3.0,52.147040702635735,28.829666182025782,0.0
10/22/18 14:26,45.242370051367196,45.242370051367196,0.0,0.643998540530818,2387.3885577003834,2387.222312555545,3.0,52.79103924316655,29.136020283235663,0.30635410120988027
10/22/18 14:26,45.242370051367196,45.24181358713031,0.0,0.643998540530818,2416.524577983619,2416.3579744766243,3.0,53.43503778369737,29.136020283235663,0.0
10/22/18 14:26,45.242370051367196,45.24198052640137,0.0,0.643998540530818,2445.660598266855,2445.4937439063506,3.0,54.079036324228184,29.136020283235663,0.0
10/22/18 14:26,45.24439391619454,45.242097383891114,0.0,0.643998540530818,2474.7979219160857,2474.6295885921295,3.0,54.723034864759,29.1373236492307,0.0013033659950387744
10/22/18 14:26,45.24439391619454,45.24278634358214,0.0,0.643998540530818,2503.9352455653166,2503.7658769669442,3.0,55.36703340528982,29.1373236492307,0.0
10/22/18 14:26,45.24351115475984,45.24326861536586,0.0,0.643998540530818,2533.072000717472,2532.902475924084,3.0,56.01103194582063,29.136755152155118,-0.0005684970755837071
10/22/18 14:26,45.24351115475984,45.24334137718405,0.0,0.643998540530818,2562.208755869627,2562.0391217397278,3.0,56.65503048635145,29.136755152155118,0.0
10/22/18 14:26,45.24351115475984,45.243392310456784,0.0,0.643998540530818,2591.3455110217824,2591.175800356325,3.0,57.299029026882266,29.136755152155118,0.0
10/22/18 14:26,45.24557093144081,45.2434279637477,0.0,0.643998540530818,2620.483592667114,2620.31250193359,3.0,57.94302756741308,29.138081645331482,0.0013264931763643517
10/22/18 14:26,45.24557093144081,45.24407085405563,0.0,0.643998540530818,2649.6216743124455,2649.4496175312747,3.0,58.5870261079439,29.138081645331482,0.0
10/22/18 14:26,45.24910197717962,45.24452087727118,0.0,0.643998540530818,2678.7620299460796,2678.5870229432535,3.0,59.231024648474715,29.140355633633824,0.002273988302341934
10/22/18 14:26,45.248625245650985,45.245895207243706,0.0,0.643998540530818,2707.9020785653047,2707.725313421729,3.0,59.87502318900553,29.14004861922516,-0.0003070144086656512
10/22/18 14:26,45.24901758406641,45.24671421876589,0.0,0.643998540530818,2737.042379849897,2736.864131342429,3.0,60.51902172953635,29.140301284592084,0.0002526653669256973
10/22/18 14:26,45.24901758406641,45.247405228356044,0.0,0.643998540530818,2766.182681134489,2766.003394272297,3.0,61.163020270067165,29.140301284592084,0.0
10/22/18 14:26,45.24901758406641,45.24788893506915,0.0,0.643998540530818,2795.322982419081,2795.142968708582,3.0,61.80701881059798,29.140301284592084,0.0
10/22/18 14:26,45.25813945222501,45.24822752976832,0.0,0.643998540530818,2824.469158173454,2824.2827611993594,3.0,62.4510173511288,29.14617575437314,0.005874469781055325
10/22/18 14:26,45.25813945222501,45.25120110650533,0.0,0.643998540530818,2853.615333927827,2853.4244686692155,3.0,63.095015891659614,29.14617575437314,0.0
10/22/18 14:26,45.25813945222501,45.25813945222501,0.0,0.643998540530818,2882.7615096822,2882.5706444235884,3.0,63.73901443219043,29.14617575437314,0.0
10/22/18 14:26,45.25806740375789,45.25806740375789,0.0,0.643998540530818,2911.9076390374657,2911.716773778854,3.0,64.38301297272125,29.14612935526547,-4.639910767068045e-05
10/22/18 14:26,45.25806740375789,45.25806740375789,0.0,0.643998540530818,2941.0537683927314,2940.8629031341197,3.0,65.02701151325206,29.14612935526547,0.0
10/22/18 14:26,45.24806277416459,45.256436810699476,0.0,0.643998540530818,2970.19345478114,2970.0079823898354,3.0,65.67101005378288,29.13968638840883,-0.006442966856639032
10/22/18 14:26,45.24806277416459,45.25392459973901,0.0,0.643998540530818,2999.333141169549,2999.151443785359,3.0,66.3150085943137,29.13968638840883,0.0
10/22/18 14:26,45.2424719517448,45.25216605206668,0.0,0.643998540530818,3028.469227076479,3028.293772678748,3.0,66.95900713484451,29.136085906930116,-0.003600481478713391
10/22/18 14:26,45.2424719517448,45.24925782197011,0.0,0.643998540530818,3057.605312983409,3057.4342286761994,3.0,67.60300567537533,29.136085906930116,0.0
10/22/18 14:26,45.2424719517448,45.247222060902516,0.0,0.643998540530818,3086.741398890339,3086.5733736464945,3.0,68.24700421590614,29.136085906930116,0.0
10/22/18 14:26,45.238940906005986,45.245797028155195,0.0,0.643998540530818,3115.875210808967,3115.71160089778,3.0,68.89100275643696,29.133811918627774,-0.002273988302341934
10/22/18 14:26,45.23846417447735,45.24374019151043,0.0,0.643998540530818,3145.008715713186,3144.848503549268,3.0,69.53500129696778,29.13350490421911,-0.0003070144086656512
10/22/18 14:27,45.24719370422053,45.24215738640051,0.0,0.643998540530818,3174.1478424218194,3173.9843868765756,3.0,70.1789998374986,29.139126708633235,0.005621804414126075
10/22/18 14:27,45.24719370422053,45.24719370422053,0.0,0.643998540530818,3203.2869691304527,3203.123513585209,3.0,70.82299837802941,29.139126708633235,0.0
10/22/18 14:27,45.24719370422053,45.24719370422053,0.0,0.643998540530818,3232.426095839086,3232.262640293842,3.0,71.46699691856023,29.139126708633235,0.0
10/22/18 14:27,45.25111708837476,45.25111708837476,0.0,0.643998540530818,3261.5677492013883,3261.4042936561445,3.0,72.11099545909104,29.141653362302502,0.002526653669267631
10/22/18 14:27,45.25111708837476,45.2471614995582,0.0,0.643998540530818,3290.7094025636907,3290.543399625022,3.0,72.75499399962186,29.141653362302502,0.0
10/22/18 14:27,45.250822834563195,45.248348176203166,0.0,0.643998540530818,3319.850866426968,3319.6832698119274,3.0,73.39899254015268,29.14146386327731,-0.0001894990251933848
10/22/18 14:27,45.25197493575741,45.24909057371117,0.0,0.643998540530818,3348.993072241733,3348.823618101744,3.0,74.04299108068349,29.142205814764928,0.0007419514876190192
10/22/18 14:27,45.25197493575741,45.24995588232504,0.0,0.643998540530818,3378.135278056498,3377.9645236490455,3.0,74.68698962121431,29.142205814764928,0.0
10/22/18 14:27,45.25638874293092,45.25056159835475,0.0,0.643998540530818,3407.2803263566407,3407.105819276586,3.0,75.33098816174513,29.145048300142854,0.002842485377925641
10/22/18 14:27,45.25638874293092,45.2523097417276,0.0,0.643998540530818,3436.4253746567833,3436.248240705907,3.0,75.97498670227594,29.145048300142854,0.0
10/22/18 14:27,45.25550598149621,45.253533442088596,0.0,0.643998540530818,3465.5698544598504,3465.3914501964746,3.0,76.61898524280676,29.144479803067263,-0.0005684970755908125
10/22/18 14:27,45.25550598149621,45.254125203910874,0.0,0.643998540530818,3494.7143342629174,3494.535040780792,3.0,77.26298378333757,29.144479803067263,0.0
10/22/18 14:27,45.25550598149621,45.25453943718647,0.0,0.643998540530818,3523.8588140659845,3523.678898130734,3.0,77.90698232386839,29.144479803067263,0.0
10/22/18 14:27,45.2580007420974,45.254829400479395,0.0,0.643998540530818,3553.004900491238,3552.822942216614,3.0,78.55098086439921,29.1460864252534,0.0016066221861379404
10/22/18 14:27,45.2580007420974,45.25578080296479,0.0,0.643998540530818,3582.1509869164915,3581.967599004306,3.0,79.19497940493002,29.1460864252534,0.0
10/22/18 14:27,45.25760840368198,45.25760840368198,0.0,0.643998540530818,3611.296820676378,3611.1134327641926,3.0,79.83897794546084,29.145833759886475,-0.0002526653669256973
10/22/18 14:27,45.25760840368198,45.25760840368198,0.0,0.643998540530818,3640.4426544362645,3640.259266524079,3.0,80.48297648599166,29.145833759886475,0.0
10/22/18 14:27,45.25760840368198,45.25760840368198,0.0,0.643998540530818,3669.588488196151,3669.4051002839656,3.0,81.12697502652247,29.145833759886475,0.0
10/22/18 14:27,45.26162987244007,45.25720996837272,0.0,0.643998540530818,3698.7369117760486,3698.5506774520945,3.0,81.77097356705329,29.148423579897475,0.0025898200109999436
10/22/18 14:27,45.26162987244007,45.25853593959292,0.0,0.643998540530818,3727.885335355946,3727.697108543754,3.0,82.4149721075841,29.148423579897475,0.0
10/22/18 14:27,45.26486666436732,45.25946411944706,0.0,0.643998540530818,3757.0358434251207,3756.8441373818846,3.0,83.05897064811492,29.150508069174627,0.0020844892771521017
10/22/18 14:27,45.27313001086374,45.261084882923136,0.0,0.643998540530818,3786.1916730773787,3785.992209989329,3.0,83.70296918864574,29.155829652258223,0.005321583083595982
10/22/18 14:27,45.27362043388302,45.26469842130531,0.0,0.643998540530818,3815.347818561346,3815.142609710217,3.0,84.34696772917655,29.15614548396688,0.0003158317086580098
10/22/18 14:27,45.27362043388302,45.26737502507862,0.0,0.643998540530818,3844.503964045313,3844.294733160029,3.0,84.99096626970737,29.15614548396688,0.0
10/22/18 14:27,45.27362043388302,45.26924864771994,0.0,0.643998540530818,3873.66010952928,3873.448063220087,3.0,85.63496481023819,29.15614548396688,0.0
10/22/18 14:27,45.26704876542467,45.27056018356886,0.0,0.643998540530818,3902.8120228683506,3902.602237907318,3.0,86.278963350769,29.151913339070852,-0.004232144896029411
10/22/18 14:27,45.26704876542467,45.2695067581256,0.0,0.643998540530818,3931.9639362074213,3931.7557341901006,3.0,86.92296189129982,29.151913339070852,0.0
10/22/18 14:27,45.26704876542467,45.26876936031532,0.0,0.643998540530818,3961.115849546492,3960.90875558977,3.0,87.56696043183064,29.151913339070852,0.0
10/22/18 14:27,45.248749366391586,45.268253181848124,0.0,0.643998540530818,3990.255978099293,3990.06144457126,3.0,88.21095897236145,29.140128552800956,-0.011784786269895875
10/22/18 14:27,45.248749366391586,45.248749366391586,0.0,0.643998540530818,4019.3961066520937,4019.201573124061,3.0,88.85495751289227,29.140128552800956,0.0
10/22/18 14:28,45.24619916669133,45.258306235965286,0.0,0.643998540530818,4048.5345928800098,4048.347856286919,3.0,89.49895605342309,29.13848622791593,-0.0016423248850259142
10/22/18 14:28,45.24619916669133,45.2546741151831,0.0,0.643998540530818,4077.673079107926,4077.4918003692947,3.0,90.1429545939539,29.13848622791593,0.0
10/22/18 14:28,45.24619916669133,45.25213163063557,0.0,0.643998540530818,4106.811565335842,4106.634107095332,3.0,90.78695313448472,29.13848622791593,0.0
10/22/18 14:28,45.24953404322243,45.2503518914523,0.0,0.643998540530818,4135.952199219377,4135.775267671934,3.0,91.43095167501554,29.140633883534807,0.002147655618877309
10/22/18 14:28,45.24953404322243,45.25010653698334,0.0,0.643998540530818,4165.092833102912,4164.916270240615,3.0,92.07495021554635,29.140633883534807,0.0
10/22/18 14:28,45.253555511980515,45.249934788855064,0.0,0.643998540530818,4194.236056806458,4194.057162203752,3.0,92.71894875607717,29.143223703545804,0.002589820010996391
10/22/18 14:28,45.254800310971966,45.251021005792694,0.0,0.643998540530818,4223.380082158737,4223.198753689012,3.0,93.36294729660798,29.144025352279552,0.0008016487337485501
10/22/18 14:28,45.25656583384137,45.25215479734647,0.0,0.643998540530818,4252.525244505168,4252.341075334378,3.0,94.0069458371388,29.145162346430723,0.001136994151170967
10/22/18 14:28,45.25656583384137,45.25347810829494,0.0,0.643998540530818,4281.670406851599,4281.484249190063,3.0,94.65094437766962,29.145162346430723,0.0
10/22/18 14:28,45.25656583384137,45.25440442595887,0.0,0.643998540530818,4310.81556919803,4310.628019592971,3.0,95.29494291820043,29.145162346430723,0.0
10/22/18 14:28,45.25793901829535,45.255052848323615,0.0,0.643998540530818,4339.961615873245,4339.772207578937,3.0,95.93894145873125,29.14604667521497,0.0008843287842452696
10/22/18 14:28,45.25793901829535,45.25591869931513,0.0,0.643998540530818,4369.10766254846,4368.916953171677,3.0,96.58293999926207,29.14604667521497,0.0
10/22/18 14:28,45.25793901829535,45.2565247950092,0.0,0.643998540530818,4398.253709223675,4398.06208908916,3.0,97.22693853979288,29.14604667521497,0.0
10/22/18 14:28,45.2523073461635,45.256949061995044,0.0,0.643998540530818,4427.396129110257,4427.207498233962,3.0,97.8709370803237,29.142419886581305,-0.0036267886336638355
10/22/18 14:28,45.2523073461635,45.255556547245575,0.0,0.643998540530818,4456.5385489968385,4456.3520106012975,3.0,98.51493562085452,29.142419886581305,0.0
10/22/18 14:28,45.252111176955786,45.25458178692095,0.0,0.643998540530818,4485.680842550736,4485.495895224407,3.0,99.15893416138533,29.14229355389784,-0.000126332683464625
10/22/18 14:28,45.252111176955786,45.252111176955786,0.0,0.643998540530818,4514.823136104634,4514.6381887783045,3.0,99.80293270191615,29.14229355389784,0.0
10/22/18 14:28,45.252111176955786,45.252111176955786,0.0,0.643998540530818,4543.965429658531,4543.780482332202,3.0,100.44693124244696,29.14229355389784,0.0
10/22/18 14:28,45.255544138090734,45.255544138090734,0.0,0.643998540530818,4573.10993403439,4572.924986708061,3.0,101.09092978297778,29.144504375858446,0.0022108219606060686
10/22/18 14:28,45.255544138090734,45.2537342587489,0.0,0.643998540530818,4602.254438410248,4602.068325524265,3.0,101.7349283235086,29.144504375858446,0.0
10/22/18 14:28,45.26182155273752,45.25427722255145,0.0,0.643998540530818,4631.402985431978,4631.212014008365,3.0,102.37892686403941,29.148547021729286,0.0040426458708395785
10/22/18 14:28,45.263529840715144,45.25654052160727,0.0,0.643998540530818,4660.552632588671,4660.357160053754,3.0,103.02292540457023,29.14964715669368,0.0011001349643926517
10/22/18 14:28,45.26411834833828,45.258637317339634,0.0,0.643998540530818,4689.702658743416,4689.503656432535,3.0,103.66692394510105,29.15002615474407,0.0003789980503903223
10/22/18 14:28,45.26411834833828,45.26028162663923,0.0,0.643998540530818,4718.85268489816,4718.651211744104,3.0,104.31092248563186,29.15002615474407,0.0
10/22/18 14:28,45.26411834833828,45.261432643148936,0.0,0.643998540530818,4748.0027110529045,4747.799508308626,3.0,104.95492102616268,29.15002615474407,0.0
10/22/18 14:28,45.25793901829535,45.26223835470574,0.0,0.643998540530818,4777.14875772812,4776.9483237502145,3.0,105.5989195666935,29.14604667521497,-0.0039794795291001606
10/22/18 14:28,45.25793901829535,45.26094855378262,0.0,0.643998540530818,4806.294804403335,4806.0963085618905,3.0,106.24291810722431,29.14604667521497,0.0
10/22/18 14:28,45.25793901829535,45.26004569313643,0.0,0.643998540530818,4835.44085107855,4835.243711932629,3.0,106.88691664775513,29.14604667521497,0.0
10/22/18 14:28,45.249301513212906,45.259413690684106,0.0,0.643998540530818,4864.581335213098,4864.39070829471,3.0,107.53091518828595,29.140484134548043,-0.0055625406669257416
10/22/18 14:29,45.249301513212906,45.25638003744274,0.0,0.643998540530818,4893.7218193476465,4893.535750988531,3.0,108.17491372881676,29.140484134548043,0.0
10/22/18 14:29,45.249791936232185,45.25425648017379,0.0,0.643998540530818,4922.862619313903,4922.67942611457,3.0,108.81891226934758,29.1407999662567,0.0003158317086580098
10/22/18 14:29,45.249791936232185,45.2529171169913,0.0,0.643998540530818,4952.00341928016,4951.822238692675,3.0,109.4629108098784,29.1407999662567,0.0
10/22/18 14:29,45.253322981970996,45.251979562763566,0.0,0.643998540530818,4981.14649323472,4980.964447487225,3.0,110.10690935040921,29.143073954559043,0.002273988302341934
10/22/18 14:29,45.253322981970996,45.253322981970996,0.0,0.643998540530818,5010.289567189279,5010.107521441784,3.0,110.75090789094003,29.143073954559043,0.0
10/22/18 14:29,45.253322981970996,45.25266470655935,0.0,0.643998540530818,5039.432641143839,5039.250171467939,3.0,111.39490643147084,29.143073954559043,0.0
10/22/18 14:29,45.25351915117871,45.25286218918284,0.0,0.643998540530818,5068.575841431081,5068.392948672616,3.0,112.03890497200166,29.143200287242507,0.000126332683464625
10/22/18 14:29,45.25525392424126,45.2530592777816,0.0,0.643998540530818,5097.720158909644,5097.5358528020615,3.0,112.68290351253248,29.144317478562943,0.0011171913204357509
10/22/18 14:29,45.254174993598845,45.2537176717195,0.0,0.643998540530818,5126.863781558448,5126.679180936242,3.0,113.3269020530633,29.143622648803895,-0.0006948297590483321
10/22/18 14:29,45.254174993598845,45.2538548682833,0.0,0.643998540530818,5156.007404207252,5155.82259742481,3.0,113.97090059359411,29.143622648803895,0.0
10/22/18 14:29,45.254174993598845,45.25395090587796,0.0,0.643998540530818,5185.151026856056,5184.966075761448,3.0,114.61489913412493,29.143622648803895,0.0
10/22/18 14:29,45.25034969404847,45.25401813219422,0.0,0.643998540530818,5214.292186017532,5214.109597391736,3.0,115.25889767465574,29.141159161476356,-0.0024634873275388713
10/22/18 14:29,45.25034969404847,45.25291760075049,0.0,0.643998540530818,5243.433345179008,5243.252410281381,3.0,115.90289621518656,29.141159161476356,0.0
10/22/18 14:29,45.25662710869525,45.25214722873988,0.0,0.643998540530818,5272.578546986355,5272.394727052576,3.0,116.54689475571737,29.145201807347192,0.004042645870836026
10/22/18 14:29,45.2545745146136,45.253491192726486,0.0,0.6898306274087185,5303.796538516885,5303.611971274489,3.0,117.2367253831261,31.2179915305305,2.072789723183309
10/22/18 14:29,45.2545745146136,45.25381618929262,0.0,0.6898306274087185,5335.014530047416,5334.829439688988,3.0,117.92655601053482,31.2179915305305,0.0
10/22/18 14:29,45.253299414763475,45.25404368688891,0.0,0.6898306274087185,5366.231641975017,5366.047065038296,3.0,118.61638663794355,31.217111927600882,-0.0008796029296185282
10/22/18 14:29,45.253299414763475,45.25382040525128,0.0,0.6898306274087185,5397.448753902618,5397.264536361092,3.0,119.30621726535227,31.217111927600882,0.0
10/22/18 14:29,45.255653445256016,45.253664108104935,0.0,0.6898306274087185,5428.66748971255,5428.481899865329,3.0,119.996047892761,31.21873580993249,0.0016238823316072626
10/22/18 14:29,45.255653445256016,45.254260909250256,0.0,0.6898306274087185,5459.886225522483,5459.699675061275,3.0,120.68587852016972,31.21873580993249,0.0
10/22/18 14:29,45.255653445256016,45.25467867005198,0.0,0.6898306274087185,5491.104961332416,5490.917738441417,3.0,121.37570914757845,31.21873580993249,0.0
10/22/18 14:29,45.25691395571914,45.25497110261319,0.0,0.6898306274087185,5522.324566681072,5522.136003550496,3.0,122.06553977498717,31.219605348656124,0.0008695387236343777
10/22/18 14:29,45.25691395571914,45.25555395854497,0.0,0.6898306274087185,5553.544172029728,5553.354670731448,3.0,122.7553704023959,31.219605348656124,0.0
10/22/18 14:29,45.256815871115286,45.255961957697224,0.0,0.6898306274087185,5584.76370971662,5584.573619362712,3.0,123.44520102980462,31.219537686892306,-6.766176381844957e-05
10/22/18 14:29,45.256815871115286,45.256815871115286,0.0,0.6898306274087185,5615.983247403512,5615.793157049604,3.0,124.13503165721335,31.219537686892306,0.0
10/22/18 14:29,45.256815871115286,45.256815871115286,0.0,0.6898306274087185,5647.202785090404,5647.012694736496,3.0,124.82486228462207,31.219537686892306,0.0
10/22/18 14:29,45.25250014854563,45.25250014854563,0.0,0.6898306274087185,5678.419345659689,5678.2292553057805,3.0,125.5146929120308,31.216560569284358,-0.0029771176079478323
10/22/18 14:29,45.25250014854563,45.255316129732705,0.0,0.6898306274087185,5709.635906228973,5709.4477584251335,3.0,126.20452353943952,31.216560569284358,0.0
10/22/18 14:29,45.2494595258261,45.25447133537658,0.0,0.6898306274087185,5740.850369283579,5740.665678779466,3.0,126.89435416684825,31.21446305460603,-0.002097514678329304
10/22/18 14:29,45.249049007009766,45.252967792511434,0.0,0.6898306274087185,5772.064549149733,5771.882561943881,3.0,127.58418479425697,31.214179866153398,-0.000283188452630867
10/22/18 14:30,45.25267813735243,45.25179215686093,0.0,0.6898306274087185,5803.281232501147,5803.098634118817,3.0,128.2740154216657,31.216683351414627,0.0025034852612293435
10/22/18 14:30,45.25267813735243,45.25205795100838,0.0,0.6898306274087185,5834.497915852562,5834.314889646697,3.0,128.96384604907442,31.216683351414627,0.0
10/22/18 14:30,45.25267813735243,45.252244006911596,0.0,0.6898306274087185,5865.714599203977,5865.531273521638,3.0,129.65367667648314,31.216683351414627,0.0
10/22/18 14:30,45.25218771433316,45.25237424604384,0.0,0.6898306274087185,5896.930944246572,5896.74774723952,3.0,130.34350730389187,31.216345042595545,-0.0003383088190815897
10/22/18 14:30,45.25218771433316,45.25231828653064,0.0,0.6898306274087185,5928.147289289167,5927.964182354816,3.0,131.0333379313006,31.216345042595545,0.0
10/22/18 14:30,45.25218771433316,45.25227911487139,0.0,0.6898306274087185,5959.363634331762,5959.180590448303,3.0,131.72316855870932,31.216345042595545,0.0
10/22/18 14:30,45.25017529682708,45.25225169470992,0.0,0.6898306274087185,5990.578591147127,5990.396979626522,3.0,132.41299918611804,31.21495681536472,-0.0013882272308265442
10/22/18 14:30,45.25017529682708,45.25162877534507,0.0,0.6898306274087185,6021.793547962491,6021.612939095885,3.0,133.10282981352677,31.21495681536472,0.0
10/22/18 14:30,45.25046955063865,45.25119273178967,0.0,0.6898306274087185,6053.008707763147,6052.828597769048,3.0,133.7926604409355,31.21515980065617,0.000202985291451796
10/22/18 14:30,45.25046955063865,45.25097577744436,0.0,0.6898306274087185,6084.223867563803,6084.0441067804595,3.0,134.48249106834422,31.21515980065617,0.0
10/22/18 14:30,45.25046955063865,45.25082390940264,0.0,0.6898306274087185,6115.4390273644585,6115.259511028644,3.0,135.17232169575294,31.21515980065617,0.0
10/22/18 14:30,45.25321591954661,45.25071760177344,0.0,0.6898306274087185,6146.656081694501,6146.47484194257,3.0,135.86215232316167,31.217054330043048,0.0018945293868775082
10/22/18 14:30,45.25321591954661,45.25146709710539,0.0,0.6898306274087185,6177.873136024544,6177.69068988133,3.0,136.5519829505704,31.217054330043048,0.0
10/22/18 14:30,45.24880211237309,45.251991743837756,0.0,0.6898306274087185,6209.087145575215,6208.906899737476,3.0,137.24181357797912,31.214009550671275,-0.0030447793717733873
10/22/18 14:30,45.248629959321086,45.251034854398355,0.0,0.6898306274087185,6240.301036369438,6240.12244950198,3.0,137.93164420538784,31.2138907942234,-0.0001187564478755121
10/22/18 14:30,45.24784528249024,45.250313385875174,0.0,0.6898306274087185,6271.514385869551,6271.337501575399,3.0,138.62147483279657,31.213349500112866,-0.0005412941105333857
10/22/18 14:30,45.24784528249024,45.24957295485969,0.0,0.6898306274087185,6302.727735369664,6302.552042876827,3.0,139.3113054602053,31.213349500112866,0.0
10/22/18 14:30,45.24784528249024,45.24784528249024,0.0,0.6898306274087185,6333.941084869776,6333.765392376939,3.0,140.00113608761401,31.213349500112866,0.0
10/22/18 14:30,45.24657018264011,45.24657018264011,0.0,0.6898306274087185,6365.153554766959,6364.977862274122,3.0,140.69096671502274,31.212469897183244,-0.0008796029296220809
10/22/18 14:30,45.24657018264011,45.24805534415792,0.0,0.6898306274087185,6396.366024664142,6396.191356681207,3.0,141.38079734243146,31.212469897183244,0.0
10/22/18 14:30,45.24657018264011,45.24760979570257,0.0,0.6898306274087185,6427.578494561325,6427.404543735322,3.0,142.0706279698402,31.212469897183244,0.0
10/22/18 14:30,45.25124749381834,45.24729791178383,0.0,0.6898306274087185,6458.794191011013,6458.617515642357,3.0,142.7604585972489,31.215696449687904,0.003226552504660418
10/22/18 14:30,45.25124749381834,45.248482786394185,0.0,0.6898306274087185,6490.009887460701,6489.831304912188,3.0,143.45028922465764,31.215696449687904,0.0
10/22/18 14:30,45.251345578422196,45.24931219862143,0.0,0.6898306274087185,6521.225651572153,6521.045666335976,3.0,144.14011985206636,31.215764111451723,6.766176381844957e-05
10/22/18 14:30,45.251345578422196,45.24992221256166,0.0,0.6898306274087185,6552.441415683605,6552.260448566063,3.0,144.8299504794751,31.215764111451723,0.0
10/22/18 14:30,45.24565667139855,45.25034922231981,0.0,0.6898306274087185,6583.653255412755,6583.47552536056,3.0,145.5197811068838,31.21183972915033,-0.0039243823013919155
10/22/18 14:30,45.24565667139855,45.24894145704343,0.0,0.6898306274087185,6614.865095141906,6614.689631035452,3.0,146.20961173429254,31.21183972915033,0.0
10/22/18 14:30,45.24565667139855,45.247956021349964,0.0,0.6898306274087185,6646.076934871056,6645.903056926622,3.0,146.89944236170126,31.21183972915033,0.0
10/22/18 14:30,45.254680454953295,45.24726621636454,0.0,0.6898306274087185,6677.294999482478,6677.116006969187,3.0,147.58927298911,31.2180646114215,0.006224882271169463
10/22/18 14:30,45.25388590240556,45.24949048794116,0.0,0.6898306274087185,6708.512515987217,6708.330491382409,3.0,148.2791036165187,31.217516504738985,-0.0005481066825154812
10/22/18 14:31,45.255847594482674,45.25080911228048,0.0,0.6898306274087185,6739.731385727232,6739.545885423086,3.0,148.96893424392744,31.218869740015325,0.0013532352763405697
10/22/18 14:31,45.255847594482674,45.25232065694114,0.0,0.6898306274087185,6770.950255467247,6770.762322173564,3.0,149.65876487133616,31.218869740015325,0.0
10/22/18 14:31,45.255847594482674,45.253378738203594,0.0,0.6898306274087185,6802.169125207262,6801.9794888209035,3.0,150.34859549874488,31.218869740015325,0.0
10/22/18 14:31,45.26222309373331,45.254119395087315,0.0,0.6898306274087185,6833.392392961926,6833.197166396046,3.0,151.0384261261536,31.223267754663436,0.004398014648110404
10/22/18 14:31,45.26222309373331,45.256550504681115,0.0,0.6898306274087185,6864.615660716589,6864.416521025044,3.0,151.72825675356233,31.223267754663436,0.0
10/22/18 14:31,45.269187100607084,45.25825228139677,0.0,0.6898306274087185,6895.843732456484,6895.637049591742,3.0,152.41808738097106,31.22807173989445,0.004803985231013996
10/22/18 14:31,45.27056432502316,45.26153272715986,0.0,0.6898306274087185,6927.072754247962,6926.8598411103985,3.0,153.10791800837978,31.229021791477475,0.000950051583025413
10/22/18 14:31,45.27056432502316,45.26424220651885,0.0,0.6898306274087185,6958.30177603944,6958.084501710901,3.0,153.7977486357885,31.229021791477475,0.0
10/22/18 14:31,45.27360494774268,45.26613884207014,0.0,0.6898306274087185,6989.5328953455955,6989.310470668696,3.0,154.48757926319723,31.231119306155797,0.0020975146783221987
10/22/18 14:31,45.27360494774268,45.2683786737719,0.0,0.6898306274087185,7020.7640146517515,7020.537984731,3.0,155.17740989060596,31.231119306155797,0.0
10/22/18 14:31,45.27389920155426,45.26994655596313,0.0,0.6898306274087185,7051.995336943199,7051.766580366459,3.0,155.86724051801468,31.231322291447253,0.00020298529145534872
10/22/18 14:31,45.27389920155426,45.27113234964047,0.0,0.6898306274087185,7083.226659234646,7082.995993998714,3.0,156.5570711454234,31.231322291447253,0.0
10/22/18 14:31,45.27389920155426,45.2719624052146,0.0,0.6898306274087185,7114.457981526093,7114.225980228727,3.0,157.24690177283213,31.231322291447253,0.0
10/22/18 14:31,45.27587750299942,45.272543444116494,0.0,0.6898306274087185,7145.690668510468,7145.45636727717,3.0,157.93673240024086,31.23268698437437,0.0013646929271189379
10/22/18 14:31,45.27587750299942,45.27354366178137,0.0,0.6898306274087185,7176.923355494842,7176.6874443063925,3.0,158.62656302764958,31.23268698437437,0.0
10/22/18 14:31,45.2714636958259,45.27424381414678,0.0,0.6898306274087185,7208.1529976998445,7207.919004322161,3.0,159.3163936550583,31.2296422050026,-0.0030447793717698346
10/22/18 14:31,45.2714636958259,45.27340977865052,0.0,0.6898306274087185,7239.382639904847,7239.149988994699,3.0,160.00622428246703,31.2296422050026,0.0
10/22/18 14:31,45.2714636958259,45.27282595380313,0.0,0.6898306274087185,7270.612282109849,7270.380570926976,3.0,160.69605490987576,31.2296422050026,0.0
10/22/18 14:31,45.271169442014326,45.27241727640995,0.0,0.6898306274087185,7301.84172132956,7301.610870941072,3.0,161.38588553728448,31.229439219711146,-0.00020298529145534872
10/22/18 14:31,45.271169442014326,45.27204292609126,0.0,0.6898306274087185,7333.071160549271,7332.840912716852,3.0,162.0757161646932,31.229439219711146,0.0
10/22/18 14:31,45.2739158109223,45.27178088086818,0.0,0.6898306274087185,7364.302494298368,7364.070773725811,3.0,162.76554679210193,31.231333749098027,0.0018945293868810609
10/22/18 14:31,45.274419027535856,45.27242135988441,0.0,0.6898306274087185,7395.534175181699,7395.3010765568115,3.0,163.45537741951065,31.23168088333028,0.0003471342322534099
10/22/18 14:31,45.27412477372429,45.27302066017984,0.0,0.6898306274087185,7426.765653079738,7426.531792803511,3.0,164.14520804691938,31.23147789803883,-0.000202985291451796
10/22/18 14:31,45.27412477372429,45.27335189424317,0.0,0.6898306274087185,7457.997130977777,7457.762737545612,3.0,164.8350386743281,31.23147789803883,0.0
10/22/18 14:31,45.27412477372429,45.273583758087504,0.0,0.6898306274087185,7489.228608875816,7488.993842234495,3.0,165.52486930173683,31.23147789803883,0.0
10/22/18 14:31,45.26990713575848,45.273746062778535,0.0,0.6898306274087185,7520.4571773180105,7520.225058886124,3.0,166.21469992914555,31.228568442194693,-0.002909455844136488
10/22/18 14:31,45.26990713575848,45.272594384672516,0.0,0.6898306274087185,7551.6857457602055,7551.455481074923,3.0,166.90453055655428,31.228568442194693,0.0
10/22/18 14:31,45.26990713575848,45.271788209998306,0.0,0.6898306274087185,7582.9143142024,7582.685347139741,3.0,167.594361183963,31.228568442194693,0.0
10/22/18 14:31,45.26914692403152,45.27122388772636,0.0,0.6898306274087185,7614.142358227263,7613.914823917771,3.0,168.28419181137173,31.22804402486212,-0.0005244173325742452
10/22/18 14:31,45.26914692403152,45.2706007986179,0.0,0.6898306274087185,7645.370402252125,7645.1438708698515,3.0,168.97402243878045,31.22804402486212,0.0
10/22/18 14:32,45.26747948576597,45.27016463624198,0.0,0.6898306274087185,7676.597296027003,7676.372616943766,3.0,169.66385306618918,31.22689377487723,-0.0011502499848887737
10/22/18 14:32,45.26747948576597,45.269359091099176,0.0,0.6898306274087185,7707.8241898018805,7707.600807327969,3.0,170.3536836935979,31.22689377487723,0.0
10/22/18 14:32,45.26747948576597,45.26879520949921,0.0,0.6898306274087185,7739.051083576758,7738.8286087293745,3.0,171.04351432100663,31.22689377487723,0.0
10/22/18 14:32,45.27150095452406,45.268400492379236,0.0,0.6898306274087185,7770.2807514839515,7770.056137842822,3.0,171.73334494841535,31.22966790719373,0.002774132316499589
10/22/18 14:32,45.27150095452406,45.26933063102268,0.0,0.6898306274087185,7801.510419391145,7801.284308594393,3.0,172.42317557582408,31.22966790719373,0.0
10/22/18 14:32,45.26885267021995,45.26998172807309,0.0,0.6898306274087185,7832.738260430716,7832.512928492652,3.0,173.1130062032328,31.22784103957067,-0.0018268676230590586
10/22/18 14:32,45.270613928367425,45.26964301071715,0.0,0.6898306274087185,7863.967316440099,7863.741314733304,3.0,173.80283683064152,31.22905600938357,0.0012149698128993691
10/22/18 14:32,45.27120243599056,45.26993428601223,0.0,0.6898306274087185,7895.196778420066,7894.969901904575,3.0,174.49266745805025,31.229461979966473,0.000405970582903592
10/22/18 14:32,45.27120243599056,45.270314731005726,0.0,0.6898306274087185,7926.426240400033,7926.198751518455,3.0,175.18249808545897,31.229461979966473,0.0
10/22/18 14:32,45.27120243599056,45.27058104250117,0.0,0.6898306274087185,7957.65570238,7957.427784842161,3.0,175.8723287128677,31.229461979966473,0.0
10/22/18 14:32,45.27326221267154,45.27076746054799,0.0,0.6898306274087185,7988.886585257006,7988.656946762745,3.0,176.56215934027642,31.230882877006636,0.001420897040162572
10/22/18 14:32,45.27326221267154,45.27151588618505,0.0,0.6898306274087185,8020.117468134013,8019.886624970256,3.0,177.25198996768515,31.230882877006636,0.0
10/22/18 14:32,45.27326221267154,45.272039784130996,0.0,0.6898306274087185,8051.348351011019,8051.116664578615,3.0,177.94182059509387,31.230882877006636,0.0
10/22/18 14:32,45.275399873574415,45.27240651269315,0.0,0.6898306274087185,8082.580708511988,8082.346957167569,3.0,178.6316512225026,31.23235750096845,0.0014746239618155244
10/22/18 14:32,45.275399873574415,45.27330452095753,0.0,0.6898306274087185,8113.813066012956,8113.577869230126,3.0,179.32148184991132,31.23235750096845,0.0
10/22/18 14:32,45.2792251731248,45.27393312674259,0.0,0.6898306274087185,8145.048062322714,8144.8092149242075,3.0,180.01131247732005,31.23499630975732,0.0026388087888697953
10/22/18 14:32,45.2792251731248,45.27552074065725,0.0,0.6898306274087185,8176.283058632472,8176.041655802992,3.0,180.70114310472877,31.23499630975732,0.0
10/22/18 14:32,45.2792251731248,45.27663207039751,0.0,0.6898306274087185,8207.51805494223,8207.274863311068,3.0,181.3909737321375,31.23499630975732,0.0
10/22/18 14:32,45.279813680747935,45.27741000121569,0.0,0.6898306274087185,8238.75345722257,8238.508607459647,3.0,182.08080435954622,31.23540228034022,0.0004059705829000393
10/22/18 14:32,45.279813680747935,45.27813110507536,0.0,0.6898306274087185,8269.988859502912,8269.742849047756,3.0,182.77063498695495,31.23540228034022,0.0
10/22/18 14:32,45.283148557279034,45.278635877777134,0.0,0.6898306274087185,8301.226562283222,8300.977438843534,3.0,183.46046561436367,31.237702780310002,0.0023004999697811
10/22/18 14:32,45.29313343429554,45.279989681627704,0.0,0.6898306274087185,8332.471152937509,8332.212962534672,3.0,184.1502962417724,31.244590654286895,0.006887873976893388
